year,cargo,volume_mln_t,revenue_bln_rub,revenue_share_pct,revenue_yoy_pct
2026,Остальные грузы,286.9038870131976,279.03139961918845,31.641801034865264,
2026,Уголь каменный,254.43395435749795,194.53884779350687,22.060454571904657,
2026,Нефтяные грузы,176.72452781505112,172.80117260774585,19.595430226518843,
2026,Черные металлы,46.44303924217492,77.93725309409834,8.837984036825258,
2026,Удобрения,59.18184510807697,63.503966096646344,7.201267896363057,
2026,Минерально-строит.,96.66434444861726,53.83856960791411,6.105224393599797,
2026,Лесные грузы,19.98875995434609,21.147691609859788,2.398120968389597,
2026,nan,13.772602200000001,12.298933764600003,1.3946832351182383,
2026,Кокс каменноугольный,8.604123838036662,6.746405051011492,0.7650336364152899,
2026,Руды всякие,0.0,0.0,0.0,
2027,Остальные грузы,270.62209555500215,263.5268375524289,31.13126129666916,-5.556565349964049
2027,Уголь каменный,245.2704117043235,187.53245183524405,22.15380343767267,-3.601540791328095
2027,Нефтяные грузы,169.956314953079,166.18321677859464,19.631750575028903,-3.8298095604789695
2027,Черные металлы,44.59540780019746,74.83669547195105,8.840696237828368,-3.9782741873180982
2027,Удобрения,59.35861490884558,63.69364560755753,7.524332408655816,0.29868923560225635
2027,Минерально-строит.,91.55037136749172,50.9902701933608,6.023642372521027,-5.290444072523459
2027,Лесные грузы,19.1914108232471,20.304112840172035,2.3985892598081047,-3.988987475561856
2027,nan,14.565602199999999,13.0070827646,1.5365679488777075,5.757808063315717
2027,Кокс каменноугольный,8.198002893912195,6.427969793646803,0.7593564629382499,-4.720073208722408
2027,Руды всякие,0.0,0.0,0.0,
2028,Остальные грузы,256.3536376011432,249.85188500153538,30.896559693020397,-5.189206791195556
2028,Уголь каменный,234.11900680145175,179.0061469772242,22.13581100444931,-4.546575685743493
2028,Нефтяные грузы,161.9136313935896,158.31908401119935,19.57765909857463,-4.732206368271619
2028,Черные металлы,42.39847566480511,71.14996741408649,8.798369543428782,-4.926364044556653
2028,Удобрения,58.658908290996195,62.94283857786182,7.78348007803545,-1.1787785461704225
2028,Минерально-строит.,87.27762626151608,48.610504560881665,6.011150789852521,-4.667097513809592
2028,Лесные грузы,18.229528650272982,19.28646153986435,2.384954230903238,-5.012045137447441
2028,nan,14.9256022,13.3285627646,1.6482034349114567,2.4715764927316197
2028,Кокс каменноугольный,7.87758858917257,6.176736231159516,0.7638121268242146,-3.9084434207453556
2028,Руды всякие,0.0,0.0,0.0,
2029,Остальные грузы,243.3585482771026,237.18638279233102,30.923754295710452,-5.069204184361675
2029,Уголь каменный,221.0430192707027,169.00831648161363,22.034872286007463,-5.585188366119431
2029,Нефтяные грузы,152.59498931610912,149.20731951529578,19.45326891659042,-5.755316582844183
2029,Черные металлы,39.85742462479976,66.88576461294687,8.720395017712503,-5.993260371185183
2029,Удобрения,57.30087296181628,61.48562430303146,8.016338527874314,-2.3151391131300048
2029,Минерально-строит.,82.33472531544456,45.857486184063795,5.978781828367159,-5.6634227554044125
2029,Лесные грузы,17.121552828109646,18.11424620225425,2.3616891164488405,-6.077918104299118
2029,nan,15.0256022,13.4178627646,1.7493866486818765,0.6699897173998215
2029,Кокс каменноугольный,7.44919437300893,5.8408367301581485,0.7615133626069679,-5.43813898522767
2029,Руды всякие,0.0,0.0,0.0,
2030,Остальные грузы,230.9352682416085,225.0781873954723,31.161756785647228,-5.104928560532107
2030,Уголь каменный,206.41995951503577,157.82760279398227,21.851008439508814,-6.615481368248355
2030,Нефтяные грузы,142.5083681754474,139.34462539860522,19.292066353942058,-6.610060517627292
2030,Черные металлы,37.09067685269856,62.24281434784089,8.617429635478878,-6.9416120036508655
2030,Удобрения,55.24591916112257,59.27482614418568,8.206515865400977,-3.5956342379315775
2030,Минерально-строит.,76.8205515613785,42.786289361886766,5.92370126258739,-6.69726380083241
2030,Лесные грузы,15.89928649436173,16.82111388437903,2.3288594323344785,-7.138758651266941
2030,nan,15.055602200000001,13.4446527646,1.8613931645975776,0.19965921898292827
2030,Кокс каменноугольный,6.975830649479775,5.469677100718016,0.7572690605026063,-6.354562652363038
2030,Руды всякие,0.0,0.0,0.0,
2031,Остальные грузы,218.40943687013873,212.97415493994538,31.559225938398118,-5.377701231554521
2031,Уголь каменный,190.5409216939117,145.54195431370493,21.56689585643583,-7.784220416953436
2031,Нефтяные грузы,131.29817716820514,128.3833051158001,19.02426955989253,-7.866338763658421
2031,Черные металлы,34.12819313106992,57.27139457499259,8.486667697819968,-7.987138475239508
2031,Удобрения,52.59059434274489,56.431348398233006,8.362186832531318,-4.79710853817763
2031,Минерально-строит.,70.77012481643283,39.41641887527217,5.840857400364026,-7.876052204742978
2031,Лесные грузы,14.665300154196366,15.515582043874703,2.2991510844424727,-7.761268661980303
2031,nan,15.8456022,14.1501227646,2.0968127400717016,5.247216215635664
2031,Кокс каменноугольный,6.574912983322599,5.155321680117782,0.7639328900440384,-5.747239093126133
2031,Руды всякие,0.0,0.0,0.0,
2032,Остальные грузы,205.13304655088075,200.02815750770972,29.631079790543712,-6.078670642400807
2032,Уголь каменный,173.6460809103439,132.8116134399832,19.67398772245007,-8.746853052613556
2032,Нефтяные грузы,119.46955580941842,116.81728388262702,17.304675015602754,-9.00897606798694
2032,Удобрения,49.36513418850986,52.97032902807703,7.8467355072338165,-6.133150223049332
2032,Черные металлы,30.992339735776923,52.0090387145045,7.704335205505062,-9.188454200460294
2032,Руды всякие,72.34289662114547,50.40000945753564,7.465982391118288,inf
2032,Минерально-строит.,64.33252736874087,35.83090820665613,5.307795228769999,-9.096490170661852
2032,nan,17.2553868,15.4090604124,2.282614129260949,8.897008660232553
2032,Лесные грузы,13.331195102471522,14.104126692293539,2.0893083683939806,-9.097018388287815
2032,Кокс каменноугольный,5.970572773656198,4.681464734335713,0.6934866411213704,-9.191607724685047
2033,Остальные грузы,190.50669401978385,185.76579268133906,30.2197473296505,-7.130178572894641
2033,Уголь каменный,155.89914924815216,119.23803541675238,19.397238051029753,-10.220174028203221
2033,Нефтяные грузы,106.97731616566854,104.60237695586424,17.016358911188362,-10.456420934282118
2033,Удобрения,45.60452553581386,48.93507862404782,7.960592153325215,-7.617944759018435
2033,Черные металлы,27.73079783443228,46.535761754385376,7.570279445488071,-10.523703370415715
2033,Руды всякие,64.97935624981207,45.26996184139317,7.364363420861644,-10.178663995023207
2033,Минерально-строит.,57.633240686577416,32.099646029082976,5.22186123919009,-10.413529447964198
2033,nan,17.2553868,15.4090604124,2.5066935388305502,0.0
2033,Лесные грузы,11.908984021111607,12.599456996853766,2.0496368111693046,-10.668293955852803
2033,Кокс каменноугольный,5.434829709699608,4.261394105326048,0.693229099266517,-8.973059776114544
2034,Остальные грузы,178.5990071597831,174.15443750072012,30.836782634702615,-6.2505346183605255
2034,Уголь каменный,140.94456068283733,107.80015541808969,19.087713229248298,-9.592476057397137
2034,Нефтяные грузы,96.69516098461082,94.54848973268807,16.741297368976074,-9.611528452568818
2034,Удобрения,42.39359749288039,45.489652662676605,8.05465856292797,-7.040810106470441
2034,Черные металлы,24.98197934298184,41.92289907412901,7.423108734511266,-9.912511381253285
2034,Руды всякие,58.78187943380469,40.952289965805996,7.251247124057064,-9.53760882484167
2034,Минерально-строит.,52.19152846262217,29.068807677808746,5.147089656023588,-9.441968140484247
2034,nan,17.5116888,15.637938098400001,2.768942927413501,1.4853448547441417
2034,Лесные грузы,10.71008404546358,11.331045799061565,2.0063398977592914,-10.067189388470776
2034,Кокс каменноугольный,4.91819645455419,3.8563072809563876,0.6828198643803233,-9.505969510385526
2035,Остальные грузы,179.03977698244512,174.58423843720755,31.53868381366145,0.24679298595859933
2035,Уголь каменный,136.13251084486114,104.1197032041108,18.809248919156023,-3.4141436992411567
2035,Нефтяные грузы,93.2896727614719,91.21860471029812,16.478662436163717,-3.521880710949854
2035,Удобрения,42.074129674778305,45.14685372741739,8.15578976450822,-0.753575626969949
2035,Черные металлы,24.0555158247636,40.36817692674091,7.292520674392611,-3.7085272767968913
2035,Руды всякие,56.80981012100706,39.578384348832614,7.149844459082456,-3.354893262673597
2035,Минерально-строит.,50.39754160119449,28.069621400121846,5.070783720410333,-3.4373142812103796
2035,nan,17.711688799999997,15.816538098399999,2.8572613345710596,1.1420943021783092
2035,Лесные грузы,10.323597872155306,10.922151479290562,1.9730892384890453,-3.6086194250919634
2035,Кокс каменноугольный,4.759157860988056,3.7316067546579244,0.6741156395650745,-3.2336771220040528
2036,Остальные грузы,180.43097845257904,175.9408188199002,32.252877783531964,0.7770348542549321
2036,Уголь каменный,132.1858398447632,101.10785065516102,18.53475033257982,-2.8926826107499637
2036,Нефтяные грузы,90.57545457755086,88.5646432557474,16.235371837127328,-2.909451929219331
2036,Удобрения,41.946288331436165,45.00967597774563,8.251022065963056,-0.30384786169151967
2036,Черные металлы,23.299417014236866,39.09934815666645,7.167560694392387,-3.14314112420061
2036,Руды всякие,55.18733982269902,38.448038147635664,7.04816473919927,-2.855968528766617
2036,Минерально-строит.,48.844760113077754,27.20477785609625,4.98708816524824,-3.0810659385019035
2036,nan,17.781688799999998,15.879048098399998,2.9108935667781117,0.3952192294616186
2036,Лесные грузы,9.998248311944186,10.577938422529517,1.9391120118225955,-3.151513302243669
2036,Кокс каменноугольный,4.68327766958261,3.6721098766252815,0.6731588033572335,-1.5944037500301045
