cargo,split,model,RMSE,MAE,MAPE,status
Всего,1,GradBoost,2996.3661303150675,2567.9069346766996,2.555186784060322,ok
Всего,1,RandomForest,4117.690515604589,3352.9590608412714,3.3760746962390127,ok
Всего,1,Ridge,3486.1248462894305,2852.153294561369,2.8378781078352597,ok
Всего,1,SARIMA,2146.075750187809,1621.9672969861888,1.6110908826880057,ok
Всего,1,ETS,3841.077790720529,3297.5044010989823,3.2304237881602,ok
Всего,2,GradBoost,4226.136921485905,3595.823565032346,3.3538155162862284,ok
Всего,2,RandomForest,3142.5676093695547,2563.442077610632,2.3719799317229753,ok
Всего,2,Ridge,4125.105304857105,3362.4296556707923,3.1200051242292677,ok
Всего,2,SARIMA,2909.1514119807252,2367.0380396331125,2.2071585526830697,ok
Всего,2,ETS,3305.5477753063537,2791.5374446069795,2.6182725221052583,ok
Всего,3,GradBoost,3587.2136528768738,2605.993163754662,2.5303640225265047,ok
Всего,3,RandomForest,4646.634036036642,3553.5878595903446,3.471398201467087,ok
Всего,3,Ridge,5374.383910116614,4179.7403060366005,4.059356970216062,ok
Всего,3,SARIMA,3386.5105079310874,2567.8680284212605,2.487329170920982,ok
Всего,3,ETS,5212.159684841192,4501.316716190241,4.3187535119291045,ok
Всего,4,GradBoost,4191.297574757833,3230.1550441795393,3.0270006346447236,ok
Всего,4,RandomForest,3543.484378627759,2956.9912476592854,2.8141449491363724,ok
Всего,4,Ridge,3844.9699086860282,3331.6815097806775,3.2037130550638526,ok
Всего,4,SARIMA,3343.2441916707626,2596.8694667138097,2.4514722987455047,ok
Всего,4,ETS,3826.4872182287922,3047.159550717885,2.9275103837237606,ok
Всего,5,GradBoost,2915.077843929599,2365.1687260938857,2.366747114223226,ok
Всего,5,RandomForest,5243.110379715571,4291.899609632049,4.355254071597843,ok
Всего,5,Ridge,6278.628472285157,5236.751573344126,5.2958911840312615,ok
Всего,5,SARIMA,4837.18268088228,4188.862070793709,4.116641127903029,ok
Всего,5,ETS,4896.649593627573,3866.438677771583,3.8966738938173666,ok
Уголь каменный,1,GradBoost,1440.9273605133515,1149.5219870606259,4.161217966425919,ok
Уголь каменный,1,RandomForest,1247.2802669587154,871.18779205814,3.1509791308129746,ok
Уголь каменный,1,Ridge,1119.1429699774874,826.0134149529031,3.0682430993885745,ok
Уголь каменный,1,SARIMA,1012.3447656252389,634.9122201135805,2.371943165719821,ok
Уголь каменный,1,ETS,1135.4057751871449,769.3562354434235,2.8671111253713537,ok
Уголь каменный,2,GradBoost,1876.2054436420992,1697.1450549273206,5.450546467164651,ok
Уголь каменный,2,RandomForest,2521.3819729031634,2369.55257833348,7.639702162875812,ok
Уголь каменный,2,Ridge,2453.5670677100343,2217.238037477699,7.189843953497619,ok
Уголь каменный,2,SARIMA,1662.684374937078,1402.7328204646783,4.565947310951945,ok
Уголь каменный,2,ETS,2001.7940669199465,1666.0534437919662,5.403342962246019,ok
Уголь каменный,3,GradBoost,2477.46930187064,1989.195529624949,6.912929715937155,ok
Уголь каменный,3,RandomForest,2620.38553753817,2113.7077580829537,7.348351809518743,ok
Уголь каменный,3,Ridge,3996.950215711367,3518.8318920591905,12.030106592565458,ok
Уголь каменный,3,SARIMA,3130.708753422637,2564.682489617313,8.803815783880857,ok
Уголь каменный,3,ETS,1417.357701004095,1234.5077161798233,4.075579003729724,ok
Уголь каменный,4,GradBoost,1669.5295261293363,1427.0984509651016,4.75768973768419,ok
Уголь каменный,4,RandomForest,1644.7775109051981,1344.4204518446284,4.565355944902294,ok
Уголь каменный,4,Ridge,1768.8625868926142,1499.2959170459892,5.031674895772328,ok
Уголь каменный,4,SARIMA,1069.408029658966,824.0492583428709,2.6935736118023126,ok
Уголь каменный,4,ETS,1323.155784558336,1040.4830717169443,3.4133316402737917,ok
Уголь каменный,5,GradBoost,1893.372534971963,1568.1940732389437,5.643846086590992,ok
Уголь каменный,5,RandomForest,2694.8359563019853,2410.293568557231,8.70795280171155,ok
Уголь каменный,5,Ridge,3044.0335210139638,2587.8149956889088,9.34891846534736,ok
Уголь каменный,5,SARIMA,1740.6144117254698,1399.2261217518437,5.0439047605804666,ok
Уголь каменный,5,ETS,1659.467422613738,1303.9787513072017,4.641398137003525,ok
Кокс каменноугольный,1,GradBoost,74.09943239967794,65.89732388804613,7.123887984302398,ok
Кокс каменноугольный,1,RandomForest,74.52785125031669,61.40674518054684,6.737827449729022,ok
Кокс каменноугольный,1,Ridge,94.55540930565142,79.52991175051663,8.627287342436578,ok
Кокс каменноугольный,1,SARIMA,108.56383639556284,101.07115585477924,10.85088992431842,ok
Кокс каменноугольный,1,ETS,97.71980964357621,87.08629894058475,9.403337495494794,ok
Кокс каменноугольный,2,GradBoost,44.760534751307134,38.225478058186006,4.11834007749366,ok
Кокс каменноугольный,2,RandomForest,46.76851833729207,38.78075992837105,4.171150472220344,ok
Кокс каменноугольный,2,Ridge,78.19427329937972,65.09784445015323,7.038284807642982,ok
Кокс каменноугольный,2,SARIMA,139.12548136815232,127.28544961867601,13.810045896485997,ok
Кокс каменноугольный,2,ETS,118.57897049048775,108.35638436465631,11.750243284658106,ok
Кокс каменноугольный,3,GradBoost,47.01352148907806,35.21290267080129,3.967187963129637,ok
Кокс каменноугольный,3,RandomForest,64.09591754415773,51.52036642834697,5.7713067719030295,ok
Кокс каменноугольный,3,Ridge,71.62756612664622,59.44747157642822,6.628528220679956,ok
Кокс каменноугольный,3,SARIMA,76.85231340743502,59.03659976670145,6.589500724597495,ok
Кокс каменноугольный,3,ETS,152.55226315718087,140.2346358912399,15.631775557622706,ok
Кокс каменноугольный,4,GradBoost,122.9684926114698,106.68776428715022,11.685484625894391,ok
Кокс каменноугольный,4,RandomForest,117.02951891750325,101.20906249140727,11.092623769160122,ok
Кокс каменноугольный,4,Ridge,105.43750932645403,88.49372264130692,9.717968483798833,ok
Кокс каменноугольный,4,SARIMA,99.41713814843641,76.99140100984953,8.093958102858402,ok
Кокс каменноугольный,4,ETS,123.24038338980377,99.90148483667436,11.56155366698587,ok
Кокс каменноугольный,5,GradBoost,73.87046880922534,61.445114568331356,6.364241897505223,ok
Кокс каменноугольный,5,RandomForest,100.92266353093513,89.95682160929402,9.070967234523602,ok
Кокс каменноугольный,5,Ridge,84.20165415339444,74.6566830436356,7.582424249993417,ok
Кокс каменноугольный,5,SARIMA,171.9110213697197,166.1582553607318,16.93831666636613,ok
Кокс каменноугольный,5,ETS,148.45931249682587,144.1963543766829,14.729492631949057,ok
Нефтяные грузы,1,GradBoost,1196.2557923240558,966.9397517605474,4.91470081052498,ok
Нефтяные грузы,1,RandomForest,1268.2317696934665,1021.7057206837484,5.208373267676495,ok
Нефтяные грузы,1,Ridge,832.7811924285014,666.8695363120759,3.3857744978475623,ok
Нефтяные грузы,1,SARIMA,1926.7419352880418,1642.4946434722058,8.356768844695104,ok
Нефтяные грузы,1,ETS,1817.0835136798185,1567.098682327541,7.9764346192705045,ok
Нефтяные грузы,2,GradBoost,532.2348173560848,455.81995794656933,2.3203324597539035,ok
Нефтяные грузы,2,RandomForest,587.2030934192129,498.4854961360056,2.5162736931415104,ok
Нефтяные грузы,2,Ridge,1802.9266965196225,1478.6857389539182,7.509154581675824,ok
Нефтяные грузы,2,SARIMA,768.6518753791473,608.1717346636106,3.0978896706899928,ok
Нефтяные грузы,2,ETS,628.5911866892371,559.7021824269827,2.8704356915221796,ok
Нефтяные грузы,3,GradBoost,1757.3835624639041,1273.8807311983196,7.542445190069865,ok
Нефтяные грузы,3,RandomForest,1731.2517972465328,1261.7392756220393,7.465600939837304,ok
Нефтяные грузы,3,Ridge,1030.1909867487052,866.9568046832529,4.907492577223625,ok
Нефтяные грузы,3,SARIMA,1476.7718270771538,1067.4272962988402,6.310557186054473,ok
Нефтяные грузы,3,ETS,1843.551657102976,1363.00252636008,8.0352453521692,ok
Нефтяные грузы,4,GradBoost,1277.0641151599107,1117.517680311804,6.071927382583856,ok
Нефтяные грузы,4,RandomForest,1076.7481702757154,840.4414957409625,4.532531828184022,ok
Нефтяные грузы,4,Ridge,2533.7548365208077,2244.502177724402,12.371964107339096,ok
Нефтяные грузы,4,SARIMA,2566.4693696677173,2391.7823684910823,13.229138822510835,ok
Нефтяные грузы,4,ETS,1327.06958971992,1202.9900237954876,6.648317029231665,ok
Нефтяные грузы,5,GradBoost,,,,skip
Нефтяные грузы,5,RandomForest,,,,skip
Нефтяные грузы,5,Ridge,,,,skip
Нефтяные грузы,5,SARIMA,,,,skip
Нефтяные грузы,5,ETS,,,,skip
Руды всякие,1,GradBoost,286.54092769399136,219.17488435997575,2.013842161288351,ok
Руды всякие,1,RandomForest,315.4181154772861,233.1017858071156,2.1714719015907056,ok
Руды всякие,1,Ridge,366.4001513519131,313.10382397143536,2.929977578790753,ok
Руды всякие,1,SARIMA,956.6513468932422,821.9875442330722,7.5322733849000265,ok
Руды всякие,1,ETS,307.96452510737987,241.91025282997703,2.2105233956017116,ok
Руды всякие,2,GradBoost,382.9372235927501,323.1518474152003,2.8537821864487483,ok
Руды всякие,2,RandomForest,430.3689172498628,363.1761188088212,3.2114604601331456,ok
Руды всякие,2,Ridge,522.3020822639252,440.77697728491995,3.945157203971135,ok
Руды всякие,2,SARIMA,394.0340335503671,320.0308665281197,2.886667012537986,ok
Руды всякие,2,ETS,476.7401741590284,377.96612006076595,3.3328494854334747,ok
Руды всякие,3,GradBoost,609.0457324952595,498.30695042482074,4.274837788075308,ok
Руды всякие,3,RandomForest,665.6433335247145,586.2201315784349,4.9972912252838935,ok
Руды всякие,3,Ridge,462.6489192502857,394.4606224953422,3.3607340437278412,ok
Руды всякие,3,SARIMA,330.35886853764214,249.58944167949457,2.1746473959582633,ok
Руды всякие,3,ETS,362.7619157278867,273.983641434394,2.393988025275599,ok
Руды всякие,4,GradBoost,560.613905051305,467.84399073924783,4.211033216894154,ok
Руды всякие,4,RandomForest,543.2325239734926,451.38408551908236,4.061054443893505,ok
Руды всякие,4,Ridge,691.0395450967345,548.1541567831514,4.96760311597112,ok
Руды всякие,4,SARIMA,857.2156687365016,695.2134717215996,6.268585167551703,ok
Руды всякие,4,ETS,490.43367656947595,395.4301528384087,3.550509526875345,ok
Руды всякие,5,GradBoost,368.83086500779,301.6053579480445,2.8599225356062306,ok
Руды всякие,5,RandomForest,600.6025072403407,517.6919897981109,4.9776738797107045,ok
Руды всякие,5,Ridge,1058.467311716083,943.8872272254545,9.041257863397902,ok
Руды всякие,5,SARIMA,474.9212918690172,396.140740052014,3.679357922804317,ok
Руды всякие,5,ETS,456.00693434294374,409.2050776067706,3.858641908735575,ok
Удобрения,1,GradBoost,336.95094208089677,283.6028372417805,6.315964639405296,ok
Удобрения,1,RandomForest,331.9209448160623,266.65616666171337,5.892841975461224,ok
Удобрения,1,Ridge,299.3331537025907,248.3338534321728,5.561918080062698,ok
Удобрения,1,SARIMA,379.04369693683145,342.3730244775554,7.7201282967455045,ok
Удобрения,1,ETS,460.0493864685273,418.3709979093341,9.438228469054266,ok
Удобрения,2,GradBoost,317.1398143909181,263.50810937168166,5.321269171534221,ok
Удобрения,2,RandomForest,356.6741750852724,304.6925290798135,6.143792212049192,ok
Удобрения,2,Ridge,245.2937711599572,214.1677326255158,4.356302642510953,ok
Удобрения,2,SARIMA,356.11122642976534,321.7681383535005,6.692192623252547,ok
Удобрения,2,ETS,156.24674472534997,129.4569576769828,2.651073454255108,ok
Удобрения,3,GradBoost,168.44755790625524,142.3279700313733,2.766549356742985,ok
Удобрения,3,RandomForest,177.1230054312938,143.68388531604128,2.7602302953834923,ok
Удобрения,3,Ridge,250.88427395810962,198.14600458559127,3.9127851617041554,ok
Удобрения,3,SARIMA,347.2190572371226,297.88984487278555,5.837075356355931,ok
Удобрения,3,ETS,193.37330142812087,147.7016128468382,2.889935684826351,ok
Удобрения,4,GradBoost,263.28380257760847,220.16139123752808,4.26197375406023,ok
Удобрения,4,RandomForest,298.55263257214176,245.25715968469277,4.773304406436695,ok
Удобрения,4,Ridge,534.8339902740273,430.14580840375265,8.57176841380323,ok
Удобрения,4,SARIMA,487.2701547263624,369.2479771049322,7.36614137766962,ok
Удобрения,4,ETS,273.4510722444937,218.21557772931087,4.284449550019163,ok
Удобрения,5,GradBoost,639.1797589478816,575.8944036175916,10.306761178755137,ok
Удобрения,5,RandomForest,494.6527521355076,436.6529552570825,7.789522190221078,ok
Удобрения,5,Ridge,197.0870251782344,154.73333805192,2.8712770505790335,ok
Удобрения,5,SARIMA,688.8237680367531,637.153450901141,11.447763165274656,ok
Удобрения,5,ETS,599.8475075680915,542.9053780240537,9.726296397688646,ok
Минерально-строит.,1,GradBoost,1873.6690200738697,1615.7120981041496,13.396974826542825,ok
Минерально-строит.,1,RandomForest,2203.391891893709,1842.234832618113,15.921388931400035,ok
Минерально-строит.,1,Ridge,1699.7878378397252,1404.9235617725242,11.303098138796628,ok
Минерально-строит.,1,SARIMA,1524.6076662608612,1351.8123352131308,10.439240927312936,ok
Минерально-строит.,1,ETS,1743.4029568012797,1488.2449246638535,11.336467948577761,ok
Минерально-строит.,2,GradBoost,1652.5513069256187,1255.9384523170177,9.507413484708515,ok
Минерально-строит.,2,RandomForest,1642.3924028833894,1302.1045777255788,9.95832242012794,ok
Минерально-строит.,2,Ridge,1526.1680755813486,1262.6813738895808,9.79200782830355,ok
Минерально-строит.,2,SARIMA,1492.3553506381452,1116.462354985806,9.767312686722933,ok
Минерально-строит.,2,ETS,1770.228610191951,1499.1716439612862,11.785288989982101,ok
Минерально-строит.,3,GradBoost,856.1015300260837,635.657991949519,4.685281384623739,ok
Минерально-строит.,3,RandomForest,738.6935183213185,578.4973153723253,4.378808983551843,ok
Минерально-строит.,3,Ridge,1091.9876545582695,900.7939631664461,7.480199568590693,ok
Минерально-строит.,3,SARIMA,992.9129199398154,835.6719133411331,6.878529820509625,ok
Минерально-строит.,3,ETS,1623.3935385827715,1434.3703478986872,11.011966187543177,ok
Минерально-строит.,4,GradBoost,841.9523540081558,629.5432172647372,4.988653247108054,ok
Минерально-строит.,4,RandomForest,605.533867397579,525.3087676069287,4.053424131329575,ok
Минерально-строит.,4,Ridge,1373.7605142419063,1066.8456274160778,8.615194327496873,ok
Минерально-строит.,4,SARIMA,850.6692518643163,700.784500970054,5.614216185260541,ok
Минерально-строит.,4,ETS,1033.942532757436,859.5475757749522,6.492229978158069,ok
Минерально-строит.,5,GradBoost,1575.5528559753623,1216.7474078189346,11.142992799129779,ok
Минерально-строит.,5,RandomForest,1525.7668514282288,1246.030404482258,11.373444455457982,ok
Минерально-строит.,5,Ridge,1178.2676695532189,929.8379168197156,7.7459618081021695,ok
Минерально-строит.,5,SARIMA,2658.56985296812,2309.935909644018,20.140670801736427,ok
Минерально-строит.,5,ETS,2749.4673403546135,2308.7579288685447,19.90484364749421,ok
Черные металлы,1,GradBoost,232.53183948651505,194.63792622850494,2.7729828515374226,ok
Черные металлы,1,RandomForest,294.64499827686325,223.58979485891015,3.241840075908615,ok
Черные металлы,1,Ridge,467.0327859194021,326.04685058027377,4.473787168423668,ok
Черные металлы,1,SARIMA,581.1597985037703,522.6263500078421,7.3273457272427525,ok
Черные металлы,1,ETS,1434.0193845552712,1339.9355410556093,18.712430338958242,ok
Черные металлы,2,GradBoost,622.4517244736843,525.9840220266293,6.695647758079708,ok
Черные металлы,2,RandomForest,612.9392511961671,518.2703837143766,6.630701044816877,ok
Черные металлы,2,Ridge,1006.3145170556787,849.0449051965053,10.837748257167036,ok
Черные металлы,2,SARIMA,496.94067001002276,433.8538072342023,5.629620087651216,ok
Черные металлы,2,ETS,1208.6596018562454,1100.1569888673675,14.530283990097189,ok
Черные металлы,3,GradBoost,864.9902655769582,720.6633154847165,10.664242068719291,ok
Черные металлы,3,RandomForest,725.0347818251358,595.6884114107326,8.828235143606216,ok
Черные металлы,3,Ridge,825.0110990339798,651.4330163545322,9.65749239107473,ok
Черные металлы,3,SARIMA,1261.6882844276058,1104.988870942474,16.190429274582254,ok
Черные металлы,3,ETS,1189.5576109525887,1019.7563265864783,14.964313062776185,ok
Черные металлы,4,GradBoost,607.813163527753,507.0629149222248,7.178450160471092,ok
Черные металлы,4,RandomForest,508.7717254093592,428.38692997100844,6.3148792267702385,ok
Черные металлы,4,Ridge,554.4762815077813,446.91512107887837,6.565022159861584,ok
Черные металлы,4,SARIMA,469.5844468380177,388.5462725600889,5.872302435329729,ok
Черные металлы,4,ETS,2122.971007558402,1932.2668798374973,28.89077748838182,ok
Черные металлы,5,GradBoost,530.1613726888061,443.5434273024159,6.89743860264011,ok
Черные металлы,5,RandomForest,577.9223342540963,476.4869350615298,7.903464942845666,ok
Черные металлы,5,Ridge,490.79468911698706,386.26696529429,6.224196262620212,ok
Черные металлы,5,SARIMA,909.5498211039231,833.3377879850947,12.597278758309985,ok
Черные металлы,5,ETS,632.5961965928063,559.3319180092057,8.582472371252209,ok
Лесные грузы,1,GradBoost,240.41029764775965,186.97967901719835,5.21783544401182,ok
Лесные грузы,1,RandomForest,366.37522093856325,289.39411594093735,8.017514469532042,ok
Лесные грузы,1,Ridge,316.9160126516921,253.91299097133728,7.285051279926859,ok
Лесные грузы,1,SARIMA,236.42310273279904,203.37553210195452,6.240798239626672,ok
Лесные грузы,1,ETS,316.48798862896376,257.57278731379137,7.425688589891452,ok
Лесные грузы,2,GradBoost,288.2101451321746,252.91055606406954,6.74794173830585,ok
Лесные грузы,2,RandomForest,368.31758551545073,337.323708004971,8.924031813028572,ok
Лесные грузы,2,Ridge,296.94194446630024,257.69955170708175,7.1430249727192505,ok
Лесные грузы,2,SARIMA,233.67261304776662,198.34978381326098,5.4717778018266685,ok
Лесные грузы,2,ETS,271.0765274481698,233.87516887985566,6.24961012685562,ok
Лесные грузы,3,GradBoost,472.4450287480689,432.64627782876573,13.141983526817144,ok
Лесные грузы,3,RandomForest,464.25099539839096,397.657295305408,12.287981200602777,ok
Лесные грузы,3,Ridge,957.7743853593668,896.4881407217157,26.76311242549391,ok
Лесные грузы,3,SARIMA,531.2920239572558,494.6694667920215,14.773848838034711,ok
Лесные грузы,3,ETS,395.71790311959575,327.91104049688585,9.601210220429488,ok
Лесные грузы,4,GradBoost,463.4905951941748,393.2130689752007,14.696606784094646,ok
Лесные грузы,4,RandomForest,544.0604322324747,428.9094362061854,16.554016120257632,ok
Лесные грузы,4,Ridge,735.4147085168192,576.2610885893483,22.179846406121225,ok
Лесные грузы,4,SARIMA,534.461516623413,440.588471706206,16.665598500378756,ok
Лесные грузы,4,ETS,606.7313625470778,495.59192300809104,18.65270076765472,ok
Лесные грузы,5,GradBoost,114.7947053438755,88.81901534503857,4.153141014781935,ok
Лесные грузы,5,RandomForest,195.6257777722318,168.54915593381472,7.9226505436259105,ok
Лесные грузы,5,Ridge,407.2349480814282,367.2269540846957,16.448582757648392,ok
Лесные грузы,5,SARIMA,437.17524809686995,361.30473813016243,16.585123804769207,ok
Лесные грузы,5,ETS,242.91074012233454,202.07743629115006,9.14841585558374,ok
Хлебные грузы,1,GradBoost,269.85168811069246,212.6202187954565,12.353044518536299,ok
Хлебные грузы,1,RandomForest,314.26805498826104,247.33527124409997,13.104363222994763,ok
Хлебные грузы,1,Ridge,405.3094013623267,331.7494623399473,17.466854277717385,ok
Хлебные грузы,1,SARIMA,186.6811826040495,143.60054870573293,9.204726832179322,ok
Хлебные грузы,1,ETS,207.10366243554932,164.46853085654013,11.045036782625113,ok
Хлебные грузы,2,GradBoost,718.9320369000787,605.5717933302943,25.899027337586645,ok
Хлебные грузы,2,RandomForest,684.7404216795597,566.8773972851551,23.946857159952,ok
Хлебные грузы,2,Ridge,774.3660296317121,643.6689361248201,26.482123449952166,ok
Хлебные грузы,2,SARIMA,508.47088955305577,367.25469216494616,14.957202595269695,ok
Хлебные грузы,2,ETS,552.716097173929,413.7995393996494,16.800206138910344,ok
Хлебные грузы,3,GradBoost,733.1175598380557,588.2434320097487,34.92554497862652,ok
Хлебные грузы,3,RandomForest,700.5177893240364,545.7443526265073,33.138959472208526,ok
Хлебные грузы,3,Ridge,499.8626791378267,410.59181023527526,22.642667873728247,ok
Хлебные грузы,3,SARIMA,453.97099930368006,394.3911216439037,22.84538965717459,ok
Хлебные грузы,3,ETS,458.99039705419233,378.8373449933533,19.399862526827825,ok
Хлебные грузы,4,GradBoost,547.1082544850107,513.0697928574109,24.474480335840752,ok
Хлебные грузы,4,RandomForest,493.051454838465,417.12856829850097,21.146515074067416,ok
Хлебные грузы,4,Ridge,330.8466592381699,280.43253791767586,13.49057204532711,ok
Хлебные грузы,4,SARIMA,699.5284143160113,673.0549369958393,31.173368829077685,ok
Хлебные грузы,4,ETS,724.4277933826587,697.2820099664082,32.95309318296055,ok
Хлебные грузы,5,GradBoost,653.904250907516,597.7160760807707,19.98377109232274,ok
Хлебные грузы,5,RandomForest,712.6482694126323,658.2693333268415,22.1343986655793,ok
Хлебные грузы,5,Ridge,740.8451723628973,675.8693392988616,22.75097927156146,ok
Хлебные грузы,5,SARIMA,402.81414439550844,366.8263063131397,12.526770145445123,ok
Хлебные грузы,5,ETS,540.5337206013872,472.77163485741494,16.018659340242245,ok
Остальные грузы,1,GradBoost,734.4889862509938,443.82343303568837,3.630103296121768,ok
Остальные грузы,1,RandomForest,685.8080814122691,451.45624809806606,3.804276286157067,ok
Остальные грузы,1,Ridge,1044.6509162050331,760.9572600370371,6.056278620142983,ok
Остальные грузы,1,SARIMA,1372.8322633465566,1091.477175491915,8.821697001686617,ok
Остальные грузы,1,ETS,863.9876293149157,518.4955139165403,4.17699434432159,ok
Остальные грузы,2,GradBoost,714.796121262435,602.8687557134067,4.655348216796812,ok
Остальные грузы,2,RandomForest,697.4472712821209,616.5936425720909,4.752118502938282,ok
Остальные грузы,2,Ridge,770.7116206982982,601.2006385520223,4.677910278176198,ok
Остальные грузы,2,SARIMA,450.25470210616766,326.5111970838845,2.5604569881248946,ok
Остальные грузы,2,ETS,511.4856473063619,375.9495453694558,2.9372050218364976,ok
Остальные грузы,3,GradBoost,571.0326160412932,497.07351897343983,3.6606386951980325,ok
Остальные грузы,3,RandomForest,625.9385337748563,535.7106854357197,3.9331979051060726,ok
Остальные грузы,3,Ridge,439.22241827959033,336.4636548866404,2.52511477852841,ok
Остальные грузы,3,SARIMA,391.64472715858176,317.33314690721954,2.396280772535996,ok
Остальные грузы,3,ETS,435.4957790919465,378.7136448667543,2.8690515337738116,ok
Остальные грузы,4,GradBoost,806.1931933652239,667.7634790134588,4.686032763673145,ok
Остальные грузы,4,RandomForest,826.6736734869157,670.2533396927739,4.671356046588882,ok
Остальные грузы,4,Ridge,738.9441513490943,558.3910725622349,3.949648811570514,ok
Остальные грузы,4,SARIMA,736.8405067153632,581.0179792034654,4.154218898784933,ok
Остальные грузы,4,ETS,833.5159520678924,645.8142310393472,4.603222291607825,ok
Остальные грузы,5,GradBoost,17616.614282538674,17600.016617831152,55.505119590034425,ok
Остальные грузы,5,RandomForest,17742.02661719722,17723.159857889546,55.8841852797865,ok
Остальные грузы,5,Ridge,17364.44857627793,17342.822828857286,54.698269590742754,ok
Остальные грузы,5,SARIMA,18442.639870327825,18428.23826834199,58.13241160721204,ok
Остальные грузы,5,ETS,18747.130742797443,18731.27955133858,59.09099767671543,ok
