year,scenario,cargo,traffic_type,volume_mln_t,revenue_bln_rub
2026,Conservative,Удобрения,Внутр. перевозки,0.0,0.0
2026,Base,Удобрения,Внутр. перевозки,0.0,0.0
2026,Upside,Удобрения,Внутр. перевозки,0.0,0.0
2027,Conservative,Удобрения,Внутр. перевозки,0.0,0.0
2027,Base,Удобрения,Внутр. перевозки,0.0,0.0
2027,Upside,Удобрения,Внутр. перевозки,0.0,0.0
2028,Conservative,Удобрения,Внутр. перевозки,0.0,0.0
2028,Base,Удобрения,Внутр. перевозки,0.0,0.0
2028,Upside,Удобрения,Внутр. перевозки,0.0,0.0
2029,Conservative,Удобрения,Внутр. перевозки,0.0,0.0
2029,Base,Удобрения,Внутр. перевозки,0.0,0.0
2029,Upside,Удобрения,Внутр. перевозки,0.0,0.0
2030,Conservative,Удобрения,Внутр. перевозки,0.0,0.0
2030,Base,Удобрения,Внутр. перевозки,0.0,0.0
2030,Upside,Удобрения,Внутр. перевозки,0.0,0.0
2031,Conservative,Удобрения,Внутр. перевозки,0.0,0.0
2031,Base,Удобрения,Внутр. перевозки,0.0,0.0
2031,Upside,Удобрения,Внутр. перевозки,0.0,0.0
2032,Conservative,Удобрения,Внутр. перевозки,0.0,0.0
2032,Base,Удобрения,Внутр. перевозки,0.0,0.0
2032,Upside,Удобрения,Внутр. перевозки,0.0,0.0
2033,Conservative,Удобрения,Внутр. перевозки,0.0,0.0
2033,Base,Удобрения,Внутр. перевозки,0.0,0.0
2033,Upside,Удобрения,Внутр. перевозки,0.0,0.0
2034,Conservative,Удобрения,Внутр. перевозки,0.0,0.0
2034,Base,Удобрения,Внутр. перевозки,0.0,0.0
2034,Upside,Удобрения,Внутр. перевозки,0.0,0.0
2035,Conservative,Удобрения,Внутр. перевозки,0.0,0.0
2035,Base,Удобрения,Внутр. перевозки,0.0,0.0
2035,Upside,Удобрения,Внутр. перевозки,0.0,0.0
2036,Conservative,Удобрения,Внутр. перевозки,0.0,0.0
2036,Base,Удобрения,Внутр. перевозки,0.0,0.0
2036,Upside,Удобрения,Внутр. перевозки,0.0,0.0
2026,Conservative,Удобрения,Экспорт,25.615818275680944,26.725295033496966
2026,Base,Удобрения,Экспорт,26.68314403716765,28.699844322913414
2026,Upside,Удобрения,Экспорт,27.750469798654358,31.63870838157975
2027,Conservative,Удобрения,Экспорт,24.83591896856577,25.911616592513464
2027,Base,Удобрения,Экспорт,25.870748925589346,27.826048746255868
2027,Upside,Удобрения,Экспорт,26.90557888261292,30.67543613787247
2028,Conservative,Удобрения,Экспорт,21.15789524484487,22.074289668237057
2028,Base,Удобрения,Экспорт,22.039474213380075,23.705207977058695
2028,Upside,Удобрения,Экспорт,22.92105318191528,26.132621273909507
2029,Conservative,Удобрения,Экспорт,16.53444842921311,17.25059132334566
2029,Base,Удобрения,Экспорт,17.223383780430325,18.52511954826639
2029,Upside,Удобрения,Экспорт,17.91231913164754,20.422091790008867
2030,Conservative,Удобрения,Экспорт,13.828892544170966,14.427851933208288
2030,Base,Удобрения,Экспорт,14.40509640017809,15.493827247861136
2030,Upside,Удобрения,Экспорт,14.981300256185214,17.080395158042116
2031,Conservative,Удобрения,Экспорт,5.6907278965097365,5.937205688797439
2031,Base,Удобрения,Экспорт,5.927841558864309,6.37586521563299
2031,Upside,Удобрения,Экспорт,6.164955221218882,7.028753813713809
2032,Conservative,Удобрения,Экспорт,5.341707005831819,5.573067944852061
2032,Base,Удобрения,Экспорт,5.564278131074811,5.984823823939069
2032,Upside,Удобрения,Экспорт,5.786849256317804,6.5976697835104305
2033,Conservative,Удобрения,Экспорт,4.9347787169389346,5.148514707430668
2033,Base,Удобрения,Экспорт,5.14039449681139,5.528903251106818
2033,Upside,Удобрения,Экспорт,5.346010276683845,6.095062944020156
2034,Conservative,Удобрения,Экспорт,3.058220212203163,3.1906783757178476
2034,Base,Удобрения,Экспорт,3.185646054378295,3.4264157814839433
2034,Upside,Удобрения,Экспорт,3.313071896553427,3.7772807575078997
2035,Conservative,Удобрения,Экспорт,3.0351742100649317,3.1666342011434376
2035,Base,Удобрения,Экспорт,3.1616398021509706,3.4005951472760287
2035,Upside,Удобрения,Экспорт,3.2881053942370095,3.7488160903570944
2036,Conservative,Удобрения,Экспорт,3.025951898129036,3.1570124508356705
2036,Base,Удобрения,Экспорт,3.1520332272177463,3.3902625116362444
2036,Upside,Удобрения,Экспорт,3.2781145563064564,3.737425392827796
2026,Conservative,Удобрения,Экспорт,2.134651522973412,2.2271079194580805
2026,Base,Удобрения,Экспорт,2.2235953364306376,2.3916536935761177
2026,Upside,Удобрения,Экспорт,2.312539149887863,2.6365590317983125
2027,Conservative,Удобрения,Экспорт,2.9974384962062137,3.1272640715102455
2027,Base,Удобрения,Экспорт,3.122331766881473,3.358316227996398
2027,Upside,Удобрения,Экспорт,3.247225037556732,3.70220780974323
2028,Conservative,Удобрения,Экспорт,6.347368573453461,6.622286900471115
2028,Base,Удобрения,Экспорт,6.611842264014022,7.111562393117607
2028,Upside,Удобрения,Экспорт,6.876315954574584,7.839786382172851
2029,Conservative,Удобрения,Экспорт,10.334030268258196,10.781619577091039
2029,Base,Удобрения,Экспорт,10.764614862768955,11.578199717666495
2029,Upside,Удобрения,Экспорт,11.195199457279713,12.763807368755545
2030,Conservative,Удобрения,Экспорт,11.853336466432259,12.36673022846425
2030,Base,Удобрения,Экспорт,12.347225485866936,13.280423355309548
2030,Upside,Удобрения,Экспорт,12.841114505301613,14.640338706893248
2031,Conservative,Удобрения,Экспорт,18.969092988365787,19.79068562932479
2031,Base,Удобрения,Экспорт,19.75947186288103,21.25288405210996
2031,Upside,Удобрения,Экспорт,20.54985073739627,23.42917937904602
2032,Conservative,Удобрения,Экспорт,17.805690019439396,18.57689314950687
2032,Base,Удобрения,Экспорт,18.54759377024937,19.949412746463565
2032,Upside,Удобрения,Экспорт,19.289497521059346,21.992232611701436
2033,Conservative,Удобрения,Экспорт,16.449262389796445,17.161715691435557
2033,Base,Удобрения,Экспорт,17.13464832270463,18.429677503689387
2033,Upside,Удобрения,Экспорт,17.820034255612818,20.316876480067183
2034,Conservative,Удобрения,Экспорт,16.8202111671174,17.548731066448166
2034,Base,Удобрения,Экспорт,17.521053299080624,18.84528679816169
2034,Upside,Удобрения,Экспорт,18.221895431043848,20.77504416629345
2035,Conservative,Удобрения,Экспорт,16.693458155357124,17.416488106288906
2035,Base,Удобрения,Экспорт,17.389018911830338,18.703273310018158
2035,Upside,Удобрения,Экспорт,18.08457966830355,20.61848849696402
2036,Conservative,Удобрения,Экспорт,16.6427354397097,17.363568479596193
2036,Base,Удобрения,Экспорт,17.336182749697606,18.646443813999348
2036,Upside,Удобрения,Экспорт,18.029630059685513,20.55583966055288
2026,Conservative,Минерально-строит.,Внутр. перевозки,42.18080485030571,22.788398190404372
2026,Base,Минерально-строит.,Внутр. перевозки,43.938338385735115,24.472077094506414
2026,Upside,Минерально-строит.,Внутр. перевозки,45.69587192116452,26.978017788983873
2027,Conservative,Минерально-строит.,Внутр. перевозки,39.94925296036002,21.58279072911708
2027,Base,Минерально-строит.,Внутр. перевозки,41.61380516704169,23.177395542436727
2027,Upside,Минерально-строит.,Внутр. перевозки,43.27835737372336,25.55076084598225
2028,Conservative,Минерально-строит.,Внутр. перевозки,38.08478236866156,20.57550083958773
2028,Base,Минерально-строит.,Внутр. перевозки,39.67164830068912,22.095683891309847
2028,Upside,Минерально-строит.,Внутр. перевозки,41.258514232716685,24.358281921779977
2029,Conservative,Минерально-строит.,Внутр. перевозки,35.92788013764853,19.41022324300009
2029,Base,Минерально-строит.,Внутр. перевозки,37.424875143383886,20.844311901847178
2029,Upside,Минерально-строит.,Внутр. перевозки,38.92187014911924,22.97876944059633
2030,Conservative,Минерально-строит.,Внутр. перевозки,33.521695226783336,18.11026938808589
2030,Base,Минерально-строит.,Внутр. перевозки,34.91843252789931,19.448313346312165
2030,Upside,Минерально-строит.,Внутр. перевозки,36.31516982901529,21.43982063297453
2031,Conservative,Минерально-строит.,Внутр. перевозки,30.881509010807047,16.683895116660658
2031,Base,Минерально-строит.,Внутр. перевозки,32.16823855292401,17.916554034214624
2031,Upside,Минерально-строит.,Внутр. перевозки,33.45496809504097,19.7512091673182
2032,Conservative,Минерально-строит.,Внутр. перевозки,28.072375579086927,15.166246237290085
2032,Base,Минерально-строит.,Внутр. перевозки,29.242057894882215,16.28677645757097
2032,Upside,Минерально-строит.,Внутр. перевозки,30.411740210677504,17.95454236682624
2033,Conservative,Минерально-строит.,Внутр. перевозки,25.1490504814156,13.586904719219122
2033,Base,Минерально-строит.,Внутр. перевозки,26.196927584807916,14.590748195037717
2033,Upside,Минерально-строит.,Внутр. перевозки,27.244804688200233,16.08484081020958
2034,Conservative,Минерально-строит.,Внутр. перевозки,22.77448514732604,12.3040335043525
2034,Base,Минерально-строит.,Внутр. перевозки,23.723422028464626,13.213094399003975
2034,Upside,Минерально-строит.,Внутр. перевозки,24.67235890960321,14.566115265461983
2035,Conservative,Минерально-строит.,Внутр. перевозки,21.991654516884864,11.881105203542482
2035,Base,Минерально-строит.,Внутр. перевозки,22.907973455088403,12.758918818237204
2035,Upside,Минерально-строит.,Внутр. перевозки,23.82429239329194,14.065432105224696
2036,Conservative,Минерально-строит.,Внутр. перевозки,21.31407714025211,11.515040517998557
2036,Base,Минерально-строит.,Внутр. перевозки,22.202163687762614,12.365808116407386
2036,Upside,Минерально-строит.,Внутр. перевозки,23.090250235273118,13.632066867527504
2026,Conservative,Нефтяные грузы,Экспорт,24.23650667177844,22.987493133190423
2026,Base,Нефтяные грузы,Экспорт,25.246361116435875,24.685881801106554
2026,Upside,Нефтяные грузы,Экспорт,26.25621556109331,27.213716097539866
2027,Conservative,Нефтяные грузы,Экспорт,23.308294622136543,22.107115923461045
2027,Base,Нефтяные грузы,Экспорт,24.279473564725567,23.740459539799236
2027,Upside,Нефтяные грузы,Экспорт,25.25065250731459,26.171482596674682
2028,Conservative,Нефтяные грузы,Экспорт,22.205298019692286,21.060961575889834
2028,Base,Нефтяные грузы,Экспорт,23.1305187705128,22.61701200159991
2028,Upside,Нефтяные грузы,Экспорт,24.055739521333315,24.932994030563744
2029,Conservative,Нефтяные грузы,Экспорт,19.976071328654285,18.946616718087743
2029,Base,Нефтяные грузы,Экспорт,20.80840763401488,20.3464526611767
2029,Upside,Нефтяные грузы,Экспорт,21.640743939375476,22.429929413681194
2030,Conservative,Нефтяные грузы,Экспорт,18.655640924785843,17.69423388697925
2030,Base,Нефтяные грузы,Экспорт,19.43295929665192,19.001539827082528
2030,Upside,Нефтяные грузы,Экспорт,20.210277668517996,20.94729750537578
2031,Conservative,Нефтяные грузы,Экспорт,17.18812501111049,16.302345507795415
2031,Base,Нефтяные грузы,Экспорт,17.904296886573427,17.50681433397274
2031,Upside,Нефтяные грузы,Экспорт,18.620468762036364,19.29951212177155
2032,Conservative,Нефтяные грузы,Экспорт,15.639650942323865,14.833671102477583
2032,Base,Нефтяные грузы,Экспорт,16.291303064920694,15.929629620358229
2032,Upside,Нефтяные грузы,Экспорт,16.942955187517523,17.560823693482913
2033,Conservative,Нефтяные грузы,Экспорт,14.004303207142064,13.28260001199556
2033,Base,Нефтяные грузы,Экспорт,14.587815840772983,14.263960493981488
2033,Upside,Нефтяные грузы,Экспорт,15.171328474403902,15.724590048565194
2034,Conservative,Нефтяные грузы,Экспорт,12.658275619803598,12.0059391326017
2034,Base,Нефтяные грузы,Экспорт,13.185703770628749,12.892975872639283
2034,Upside,Нефтяные грузы,Экспорт,13.713131921453899,14.213216601997548
2035,Conservative,Нефтяные грузы,Экспорт,11.194760731376629,10.617845588278701
2035,Base,Нефтяные грузы,Экспорт,11.661209095183988,11.402325588787265
2035,Upside,Нефтяные грузы,Экспорт,12.127657458991347,12.569923729079083
2036,Conservative,Нефтяные грузы,Экспорт,10.869054549306105,10.308924474968997
2036,Base,Нефтяные грузы,Экспорт,11.321931822193859,11.070580406968425
2036,Upside,Нефтяные грузы,Экспорт,11.774809095081613,12.204207840641994
2026,Conservative,Остальные грузы,Экспорт,0.0,0.0
2026,Base,Остальные грузы,Экспорт,0.0,0.0
2026,Upside,Остальные грузы,Экспорт,0.0,0.0
2027,Conservative,Остальные грузы,Экспорт,0.0,0.0
2027,Base,Остальные грузы,Экспорт,0.0,0.0
2027,Upside,Остальные грузы,Экспорт,0.0,0.0
2028,Conservative,Остальные грузы,Экспорт,0.0,0.0
2028,Base,Остальные грузы,Экспорт,0.0,0.0
2028,Upside,Остальные грузы,Экспорт,0.0,0.0
2029,Conservative,Остальные грузы,Экспорт,0.0,0.0
2029,Base,Остальные грузы,Экспорт,0.0,0.0
2029,Upside,Остальные грузы,Экспорт,0.0,0.0
2030,Conservative,Остальные грузы,Экспорт,0.0,0.0
2030,Base,Остальные грузы,Экспорт,0.0,0.0
2030,Upside,Остальные грузы,Экспорт,0.0,0.0
2031,Conservative,Остальные грузы,Экспорт,31.6090039289447,29.98005325617694
2031,Base,Остальные грузы,Экспорт,32.9260457593174,32.19507437304225
2031,Upside,Остальные грузы,Экспорт,34.24308758969009,35.49184998884178
2032,Conservative,Остальные грузы,Экспорт,29.687596686760624,28.15766456031759
2032,Base,Остальные грузы,Экспорт,30.92457988204232,30.238041838829027
2032,Upside,Остальные грузы,Экспорт,32.16156307732401,33.33441732312512
2033,Conservative,Остальные грузы,Экспорт,27.57081802899384,26.14997279521028
2033,Base,Остальные грузы,Экспорт,28.719602113535252,28.082015458773927
2033,Upside,Остальные грузы,Экспорт,29.868386198076664,30.95761384175238
2034,Conservative,Остальные грузы,Экспорт,25.847494503526395,24.5154596929538
2034,Base,Остальные грузы,Экспорт,26.92447344117333,26.326739360989908
2034,Upside,Остальные грузы,Экспорт,28.001452378820264,29.022597471555276
2035,Conservative,Остальные грузы,Экспорт,25.911284307007133,24.575962127951517
2035,Base,Остальные грузы,Экспорт,26.99092115313243,26.39171190716443
2035,Upside,Остальные грузы,Экспорт,28.070557999257726,29.09422320645807
2036,Conservative,Остальные грузы,Экспорт,26.112624017257666,24.76692591945419
2036,Base,Остальные грузы,Экспорт,27.200650017976738,26.596784707317646
2036,Upside,Остальные грузы,Экспорт,28.28867601869581,29.320295461346976
2026,Conservative,Нефтяные грузы,Экспорт,24.23650667177844,22.987493133190423
2026,Base,Нефтяные грузы,Экспорт,25.246361116435875,24.685881801106554
2026,Upside,Нефтяные грузы,Экспорт,26.25621556109331,27.213716097539866
2027,Conservative,Нефтяные грузы,Экспорт,23.308294622136543,22.107115923461045
2027,Base,Нефтяные грузы,Экспорт,24.279473564725567,23.740459539799236
2027,Upside,Нефтяные грузы,Экспорт,25.25065250731459,26.171482596674682
2028,Conservative,Нефтяные грузы,Экспорт,22.205298019692286,21.060961575889834
2028,Base,Нефтяные грузы,Экспорт,23.1305187705128,22.61701200159991
2028,Upside,Нефтяные грузы,Экспорт,24.055739521333315,24.932994030563744
2029,Conservative,Нефтяные грузы,Экспорт,19.976071328654285,18.946616718087743
2029,Base,Нефтяные грузы,Экспорт,20.80840763401488,20.3464526611767
2029,Upside,Нефтяные грузы,Экспорт,21.640743939375476,22.429929413681194
2030,Conservative,Нефтяные грузы,Экспорт,18.655640924785843,17.69423388697925
2030,Base,Нефтяные грузы,Экспорт,19.43295929665192,19.001539827082528
2030,Upside,Нефтяные грузы,Экспорт,20.210277668517996,20.94729750537578
2031,Conservative,Нефтяные грузы,Экспорт,17.18812501111049,16.302345507795415
2031,Base,Нефтяные грузы,Экспорт,17.904296886573427,17.50681433397274
2031,Upside,Нефтяные грузы,Экспорт,18.620468762036364,19.29951212177155
2032,Conservative,Нефтяные грузы,Экспорт,15.639650942323865,14.833671102477583
2032,Base,Нефтяные грузы,Экспорт,16.291303064920694,15.929629620358229
2032,Upside,Нефтяные грузы,Экспорт,16.942955187517523,17.560823693482913
2033,Conservative,Нефтяные грузы,Экспорт,14.004303207142064,13.28260001199556
2033,Base,Нефтяные грузы,Экспорт,14.587815840772983,14.263960493981488
2033,Upside,Нефтяные грузы,Экспорт,15.171328474403902,15.724590048565194
2034,Conservative,Нефтяные грузы,Экспорт,12.658275619803598,12.0059391326017
2034,Base,Нефтяные грузы,Экспорт,13.185703770628749,12.892975872639283
2034,Upside,Нефтяные грузы,Экспорт,13.713131921453899,14.213216601997548
2035,Conservative,Нефтяные грузы,Экспорт,11.194760731376629,10.617845588278701
2035,Base,Нефтяные грузы,Экспорт,11.661209095183988,11.402325588787265
2035,Upside,Нефтяные грузы,Экспорт,12.127657458991347,12.569923729079083
2036,Conservative,Нефтяные грузы,Экспорт,10.869054549306105,10.308924474968997
2036,Base,Нефтяные грузы,Экспорт,11.321931822193859,11.070580406968425
2036,Upside,Нефтяные грузы,Экспорт,11.774809095081613,12.204207840641994
2026,Conservative,Нефтяные грузы,Экспорт,8.07883555725948,7.662497711063472
2026,Base,Нефтяные грузы,Экспорт,8.415453705478624,8.228627267035517
2026,Upside,Нефтяные грузы,Экспорт,8.75207185369777,9.071238699179954
2027,Conservative,Нефтяные грузы,Экспорт,7.769431540712183,7.369038641153684
2027,Base,Нефтяные грузы,Экспорт,8.093157854908524,7.913486513266413
2027,Upside,Нефтяные грузы,Экспорт,8.416884169104865,8.723827532224893
2028,Conservative,Нефтяные грузы,Экспорт,7.401766006564096,7.020320525296612
2028,Base,Нефтяные грузы,Экспорт,7.710172923504267,7.539004000533304
2028,Upside,Нефтяные грузы,Экспорт,8.018579840444438,8.310998010187916
2029,Conservative,Нефтяные грузы,Экспорт,13.317380885769524,12.631077812058491
2029,Base,Нефтяные грузы,Экспорт,13.872271756009921,13.564301774117798
2029,Upside,Нефтяные грузы,Экспорт,14.427162626250318,14.953286275787463
2030,Conservative,Нефтяные грузы,Экспорт,12.43709394985723,11.796155924652837
2030,Base,Нефтяные грузы,Экспорт,12.955306197767948,12.667693218055023
2030,Upside,Нефтяные грузы,Экспорт,13.473518445678666,13.964865003583858
2031,Conservative,Нефтяные грузы,Экспорт,11.458750007406993,10.868230338530278
2031,Base,Нефтяные грузы,Экспорт,11.936197924382284,11.671209555981829
2031,Upside,Нефтяные грузы,Экспорт,12.413645841357576,12.86634141451437
2032,Conservative,Нефтяные грузы,Экспорт,10.426433961549245,9.88911406831839
2032,Base,Нефтяные грузы,Экспорт,10.86086870994713,10.619753080238821
2032,Upside,Нефтяные грузы,Экспорт,11.295303458345016,11.707215795655276
2033,Conservative,Нефтяные грузы,Экспорт,9.33620213809471,8.855066674663705
2033,Base,Нефтяные грузы,Экспорт,9.725210560515322,9.509306995987657
2033,Upside,Нефтяные грузы,Экспорт,10.114218982935935,10.483060032376795
2034,Conservative,Нефтяные грузы,Экспорт,8.438850413202399,8.003959421734466
2034,Base,Нефтяные грузы,Экспорт,8.790469180419166,8.595317248426188
2034,Upside,Нефтяные грузы,Экспорт,9.142087947635932,9.47547773466503
2035,Conservative,Нефтяные грузы,Экспорт,14.926347641835507,14.15712745103827
2035,Base,Нефтяные грузы,Экспорт,15.548278793578653,15.20310078504969
2035,Upside,Нефтяные грузы,Экспорт,16.1702099453218,16.75989830543878
2036,Conservative,Нефтяные грузы,Экспорт,14.49207273240814,13.745232633292
2036,Base,Нефтяные грузы,Экспорт,15.09590909625848,14.760773875957904
2036,Upside,Нефтяные грузы,Экспорт,15.699745460108819,16.272277120855993
2026,Conservative,Нефтяные грузы,Экспорт,113.1036978016327,107.27496795488862
2026,Base,Нефтяные грузы,Экспорт,117.81635187670074,115.20078173849724
2026,Upside,Нефтяные грузы,Экспорт,122.52900595176877,126.99734178851936
2027,Conservative,Нефтяные грузы,Экспорт,108.77204156997054,103.16654097615154
2027,Base,Нефтяные грузы,Экспорт,113.30420996871932,110.78881118572976
2027,Upside,Нефтяные грузы,Экспорт,117.8363783674681,122.13358545114849
2028,Conservative,Нефтяные грузы,Экспорт,103.62472409189735,98.28448735415255
2028,Base,Нефтяные грузы,Экспорт,107.94242092905974,105.54605600746623
2028,Upside,Нефтяные грузы,Экспорт,112.26011776622212,116.3539721426308
2029,Conservative,Нефтяные грузы,Экспорт,93.22166620038665,88.41754468440946
2029,Base,Нефтяные грузы,Экспорт,97.10590229206943,94.95011241882459
2029,Upside,Нефтяные грузы,Экспорт,100.99013838375221,104.67300393051222
2030,Conservative,Нефтяные грузы,Экспорт,87.0596576490006,82.57309147256984
2030,Base,Нефтяные грузы,Экспорт,90.68714338437563,88.67385252638515
2030,Upside,Нефтяные грузы,Экспорт,94.31462911975066,97.75405502508698
2031,Conservative,Нефтяные грузы,Экспорт,80.21125005184895,76.07761236971194
2031,Base,Нефтяные грузы,Экспорт,83.55338547067599,81.6984668918728
2031,Upside,Нефтяные грузы,Экспорт,86.89552088950303,90.06438990160058
2032,Conservative,Нефтяные грузы,Экспорт,72.98503773084471,69.22379847822873
2032,Base,Нефтяные грузы,Экспорт,76.0260809696299,74.33827156167175
2032,Upside,Нефтяные грузы,Экспорт,79.0671242084151,81.95051056958694
2033,Conservative,Нефтяные грузы,Экспорт,65.35341496666297,61.98546672264595
2033,Base,Нефтяные грузы,Экспорт,68.07647392360725,66.56514897191362
2033,Upside,Нефтяные грузы,Экспорт,70.79953288055154,73.38142022663757
2034,Conservative,Нефтяные грузы,Экспорт,59.07195289241678,56.02771595214126
2034,Base,Нефтяные грузы,Экспорт,61.53328426293415,60.16722073898331
2034,Upside,Нефтяные грузы,Экспорт,63.994615633451524,66.32834414265521
2035,Conservative,Нефтяные грузы,Экспорт,52.24221674642426,49.54994607863394
2035,Base,Нефтяные грузы,Экспорт,54.418975777525276,53.210852747673904
2035,Upside,Нефтяные грузы,Экспорт,56.59573480862629,58.659644069035714
2036,Conservative,Нефтяные грузы,Экспорт,50.72225456342848,48.10831421652198
2036,Base,Нефтяные грузы,Экспорт,52.83568183690467,51.66270856585265
2036,Upside,Нефтяные грузы,Экспорт,54.94910911038086,56.95296992299596
2026,Conservative,Остальные грузы,Экспорт,167.41685642181884,158.78913118523653
2026,Base,Остальные грузы,Экспорт,174.39255877272797,170.5209742109499
2026,Upside,Остальные грузы,Экспорт,181.3682611236371,187.9823219701512
2027,Conservative,Остальные грузы,Экспорт,181.66271196353827,172.30083528007705
2027,Base,Остальные грузы,Экспорт,189.2319916286857,185.03096572173223
2027,Upside,Остальные грузы,Экспорт,196.80127129383314,203.97813661163764
2028,Conservative,Остальные грузы,Экспорт,187.85109160074302,178.1703005599668
2028,Base,Остальные грузы,Экспорт,195.67822041744066,191.3340856528853
2028,Upside,Остальные грузы,Экспорт,203.5053492341383,210.9266960237408
2029,Conservative,Остальные грузы,Экспорт,178.32853620494905,169.13848422869117
2029,Base,Остальные грузы,Экспорт,185.75889188015526,181.6349701768591
2029,Upside,Остальные грузы,Экспорт,193.18924755536148,200.2343911229695
2030,Conservative,Остальные грузы,Экспорт,169.22499182864377,160.50408544044961
2030,Base,Остальные грузы,Экспорт,176.27603315483725,172.36263470838662
2030,Upside,Остальные грузы,Экспорт,183.32707448103073,190.01256850252543
2031,Conservative,Остальные грузы,Экспорт,135.91871689446222,128.91422900156087
2031,Base,Остальные грузы,Экспорт,141.58199676506482,138.4388198040817
2031,Upside,Остальные грузы,Экспорт,147.2452766356674,152.61495495201967
2032,Conservative,Остальные грузы,Экспорт,127.65666575307071,121.07795760936565
2032,Base,Остальные грузы,Экспорт,132.975693492782,130.02357990696484
2032,Upside,Остальные грузы,Экспорт,138.2947212324933,143.33799448943805
2033,Conservative,Остальные грузы,Экспорт,118.55451752467353,112.4448830194042
2033,Base,Остальные грузы,Экспорт,123.4942890882016,120.75266647272788
2033,Upside,Остальные грузы,Экспорт,128.43406065172965,133.11773951953523
2034,Conservative,Остальные грузы,Экспорт,111.1442263651635,105.41647667970133
2034,Base,Остальные грузы,Экспорт,115.77523579704533,113.20497925225659
2034,Upside,Остальные грузы,Экспорт,120.40624522892715,124.79716912768767
2035,Conservative,Остальные грузы,Экспорт,111.41852252013067,105.67663715019151
2035,Base,Остальные грузы,Экспорт,116.06096095846945,113.48436120080704
2035,Upside,Остальные грузы,Экспорт,120.70339939680824,125.10515978776971
2036,Conservative,Остальные грузы,Экспорт,112.28428327420797,106.49778145365303
2036,Base,Остальные грузы,Экспорт,116.96279507729997,114.3661742414659
2036,Upside,Остальные грузы,Экспорт,121.64130688039198,126.07727048379202
2026,Conservative,Удобрения,Экспорт,19.211863706760706,20.043971275122722
2026,Base,Удобрения,Экспорт,20.012358027875738,21.524883242185055
2026,Upside,Удобрения,Экспорт,20.81285234899077,23.729031286184807
2027,Conservative,Удобрения,Экспорт,19.269247475611376,20.103840459708728
2027,Base,Удобрения,Экспорт,20.072132787095185,21.58917575140542
2027,Upside,Удобрения,Экспорт,20.875018098578995,23.799907348349336
2028,Conservative,Удобрения,Экспорт,19.042105720360382,19.866860701413348
2028,Base,Удобрения,Экспорт,19.835526792042067,21.334687179352823
2028,Upside,Удобрения,Экспорт,20.628947863723752,23.519359146518553
2029,Conservative,Удобрения,Экспорт,18.601254482864757,19.40691523876388
2029,Base,Удобрения,Экспорт,19.37630675298412,20.840759491799698
2029,Upside,Удобрения,Экспорт,20.151359023103485,22.97485326375999
2030,Conservative,Удобрения,Экспорт,17.780004699648387,18.550095342696373
2030,Base,Удобрения,Экспорт,18.520838228800404,19.92063503296432
2030,Upside,Удобрения,Экспорт,19.26167175795242,21.96050806033987
2031,Conservative,Удобрения,Экспорт,17.07218368952921,17.81161706639232
2031,Base,Удобрения,Экспорт,17.78352467659293,19.12759564689897
2031,Upside,Удобрения,Экспорт,18.494865663656647,21.086261441141428
2032,Conservative,Удобрения,Экспорт,16.025121017495454,16.719203834556183
2032,Base,Удобрения,Экспорт,16.692834393224434,17.954471471817207
2032,Upside,Удобрения,Экспорт,17.360547768953413,19.793009350531293
2033,Conservative,Удобрения,Экспорт,14.804336150816804,15.445544122292008
2033,Base,Удобрения,Экспорт,15.42118349043417,16.586709753320456
2033,Upside,Удобрения,Экспорт,16.03803083005154,18.285188832060474
2034,Conservative,Удобрения,Экспорт,13.761990954914234,14.358052690730316
2034,Base,Удобрения,Экспорт,14.335407244702328,15.418871016677745
2034,Upside,Удобрения,Экспорт,14.908823534490422,16.997763408785545
2035,Conservative,Удобрения,Экспорт,13.658283945292194,14.249853905145471
2035,Base,Удобрения,Экспорт,14.227379109679369,15.302678162742131
2035,Upside,Удобрения,Экспорт,14.796474274066544,16.869672406606927
2036,Conservative,Удобрения,Экспорт,13.616783541580665,14.20655602876052
2036,Base,Удобрения,Экспорт,14.18414952247986,15.256181302363101
2036,Upside,Удобрения,Экспорт,14.751515503379055,16.818414267725085
2026,Conservative,Черные металлы,Внутр. перевозки,44.58531767248792,72.57517008122436
2026,Base,Черные металлы,Внутр. перевозки,46.44303924217492,77.93725309409834
2026,Upside,Черные металлы,Внутр. перевозки,48.30076081186192,85.91802781093402
2027,Conservative,Черные металлы,Внутр. перевозки,42.811591488189556,69.68793082348081
2027,Base,Черные металлы,Внутр. перевозки,44.59540780019746,74.83669547195105
2027,Upside,Черные металлы,Внутр. перевозки,46.37922411220536,82.49997308827884
2028,Conservative,Черные металлы,Внутр. перевозки,40.702536638212905,66.25484965599735
2028,Base,Черные металлы,Внутр. перевозки,42.39847566480511,71.14996741408649
2028,Upside,Черные металлы,Внутр. перевозки,44.09441469139732,78.43572407728895
2029,Conservative,Черные металлы,Внутр. перевозки,38.26312763980777,62.284024007576114
2029,Base,Черные металлы,Внутр. перевозки,39.85742462479976,66.88576461294687
2029,Upside,Черные металлы,Внутр. перевозки,41.451721609791754,73.73486690931264
2030,Conservative,Черные металлы,Внутр. перевозки,35.607049778590614,57.960508720709434
2030,Base,Черные металлы,Внутр. перевозки,37.09067685269856,62.24281434784089
2030,Upside,Черные металлы,Внутр. перевозки,38.5743039268065,68.6164785370598
2031,Conservative,Черные металлы,Внутр. перевозки,32.76306540582712,53.331122628233096
2031,Base,Черные металлы,Внутр. перевозки,34.12819313106992,57.27139457499259
2031,Upside,Черные металлы,Внутр. перевозки,35.49332085631272,63.13598537947184
2032,Conservative,Черные металлы,Внутр. перевозки,29.752646146345846,48.43081685094659
2032,Base,Черные металлы,Внутр. перевозки,30.992339735776923,52.0090387145045
2032,Upside,Черные металлы,Внутр. перевозки,32.232033325208,57.33476427886976
2033,Conservative,Черные металлы,Внутр. перевозки,26.621565921054987,43.33410134568366
2033,Base,Черные металлы,Внутр. перевозки,27.73079783443228,46.535761754385376
2033,Upside,Черные металлы,Внутр. перевозки,28.840029747809574,51.30102375803444
2034,Conservative,Черные металлы,Внутр. перевозки,23.982700169262568,39.03860361782893
2034,Base,Черные металлы,Внутр. перевозки,24.98197934298184,41.92289907412901
2034,Upside,Черные металлы,Внутр. перевозки,25.981258516701114,46.21580393931983
2035,Conservative,Черные металлы,Внутр. перевозки,23.093295191773056,37.59084635418113
2035,Base,Черные металлы,Внутр. перевозки,24.0555158247636,40.36817692674091
2035,Upside,Черные металлы,Внутр. перевозки,25.017736457754143,44.50187824403918
2036,Conservative,Черные металлы,Внутр. перевозки,22.36744033366739,36.409313003487796
2036,Base,Черные металлы,Внутр. перевозки,23.299417014236866,39.09934815666645
2036,Upside,Черные металлы,Внутр. перевозки,24.231393694806343,43.1031214079091
2026,Conservative,Минерально-строит.,Внутр. перевозки,50.61696582036686,27.346077828485246
2026,Base,Минерально-строит.,Внутр. перевозки,52.72600606288214,29.3664925134077
2026,Upside,Минерально-строит.,Внутр. перевозки,54.83504630539743,32.37362134678065
2027,Conservative,Минерально-строит.,Внутр. перевозки,47.93910355243203,25.899348874940497
2027,Base,Минерально-строит.,Внутр. перевозки,49.93656620045003,27.812874650924073
2027,Upside,Минерально-строит.,Внутр. перевозки,51.93402884846803,30.6609130151787
2028,Conservative,Минерально-строит.,Внутр. перевозки,45.701738842393866,24.690601007505276
2028,Base,Минерально-строит.,Внутр. перевозки,47.60597796082695,26.51482066957182
2028,Upside,Минерально-строит.,Внутр. перевозки,49.51021707926003,29.229938306135974
2029,Conservative,Минерально-строит.,Внутр. перевозки,43.113456165178235,23.292267891600115
2029,Base,Минерально-строит.,Внутр. перевозки,44.909850172060665,25.013174282216617
2029,Upside,Минерально-строит.,Внутр. перевозки,46.706244178943095,27.5745233287156
2030,Conservative,Минерально-строит.,Внутр. перевозки,40.226034272140005,21.732323265703066
2030,Base,Минерально-строит.,Внутр. перевозки,41.902119033479174,23.3379760155746
2030,Upside,Минерально-строит.,Внутр. перевозки,43.57820379481834,25.72778475956944
2031,Conservative,Минерально-строит.,Внутр. перевозки,37.057810812968455,20.02067413999279
2031,Base,Минерально-строит.,Внутр. перевозки,38.60188626350881,21.499864841057548
2031,Upside,Минерально-строит.,Внутр. перевозки,40.145961714049164,23.70145100078184
2032,Conservative,Минерально-строит.,Внутр. перевозки,33.686850694904315,18.1994954847481
2032,Base,Минерально-строит.,Внутр. перевозки,35.09046947385866,19.54413174908516
2032,Upside,Минерально-строит.,Внутр. перевозки,36.49408825281301,21.545450840191485
2033,Conservative,Минерально-строит.,Внутр. перевозки,30.178860577698718,16.304285663062945
2033,Base,Минерально-строит.,Внутр. перевозки,31.4363131017695,17.50889783404526
2033,Upside,Минерально-строит.,Внутр. перевозки,32.69376562584028,19.301808972251496
2034,Conservative,Минерально-строит.,Внутр. перевозки,27.32938217679125,14.764840205223003
2034,Base,Минерально-строит.,Внутр. перевозки,28.46810643415755,15.855713278804771
2034,Upside,Минерально-строит.,Внутр. перевозки,29.606830691523854,17.479338318554383
2035,Conservative,Минерально-строит.,Внутр. перевозки,26.38998542026184,14.257326244250981
2035,Base,Минерально-строит.,Внутр. перевозки,27.489568146106084,15.310702581884645
2035,Upside,Минерально-строит.,Внутр. перевозки,28.589150871950327,16.878518526269634
2036,Conservative,Минерально-строит.,Внутр. перевозки,25.57689256830253,13.818048621598269
2036,Base,Минерально-строит.,Внутр. перевозки,26.642596425315137,14.838969739688864
2036,Upside,Минерально-строит.,Внутр. перевозки,27.708300282327745,16.358480241033003
2026,Conservative,Удобрения,Внутр. перевозки,9.852237798338825,10.1385190011193
2026,Base,Удобрения,Внутр. перевозки,10.262747706602942,10.88758483797176
2026,Upside,Удобрения,Внутр. перевозки,10.67325761486706,12.00247352538007
2027,Conservative,Удобрения,Внутр. перевозки,9.881665372108397,10.168801666025132
2027,Base,Удобрения,Внутр. перевозки,10.29340142927958,10.92010488189984
2027,Upside,Удобрения,Внутр. перевозки,10.705137486450763,12.038323621806384
2028,Conservative,Удобрения,Внутр. перевозки,9.765182420697633,10.048934013583407
2028,Base,Удобрения,Внутр. перевозки,10.172065021560034,10.791381028332697
2028,Upside,Удобрения,Внутр. перевозки,10.578947622422435,11.896418445633966
2029,Conservative,Удобрения,Внутр. перевозки,9.539104863007564,9.81628721178231
2029,Base,Удобрения,Внутр. перевозки,9.93656756563288,10.541545545298874
2029,Upside,Удобрения,Внутр. перевозки,10.334030268258195,11.62099980913748
2030,Conservative,Удобрения,Внутр. перевозки,9.573848684426054,9.852040601096792
2030,Base,Удобрения,Внутр. перевозки,9.97275904627714,10.57994050805068
2030,Upside,Удобрения,Внутр. перевозки,10.371669408128227,11.66332641607507
2031,Conservative,Удобрения,Внутр. перевозки,8.754965994630364,9.009363243920017
2031,Base,Удобрения,Внутр. перевозки,9.119756244406629,9.675003483591084
2031,Upside,Удобрения,Внутр. перевозки,9.484546494182894,10.665723840310811
2032,Conservative,Удобрения,Внутр. перевозки,8.218010778202796,8.456805462030209
2032,Base,Удобрения,Внутр. перевозки,8.560427893961247,9.081620985857185
2032,Upside,Удобрения,Внутр. перевозки,8.902845009719698,10.011578974808963
2033,Conservative,Удобрения,Внутр. перевозки,7.591967256829128,7.812570693555097
2033,Base,Удобрения,Внутр. перевозки,7.908299225863676,8.389788115931161
2033,Upside,Удобрения,Внутр. перевозки,8.224631194898222,9.248902419002512
2034,Conservative,Удобрения,Внутр. перевозки,7.057431258930376,7.262502426588122
2034,Base,Удобрения,Внутр. перевозки,7.3514908947191415,7.799079066353223
2034,Upside,Удобрения,Внутр. перевозки,7.645550530507907,8.597704762747794
2035,Conservative,Удобрения,Внутр. перевозки,7.004248177072918,7.207773978393251
2035,Base,Удобрения,Внутр. перевозки,7.296091851117623,7.740307107381069
2035,Upside,Удобрения,Внутр. перевозки,7.587935525162329,8.532914555176891
2036,Conservative,Удобрения,Внутр. перевозки,6.982965918759314,7.185873311284345
2036,Base,Удобрения,Внутр. перевозки,7.273922832040952,7.716788349746935
2036,Upside,Удобрения,Внутр. перевозки,7.564879745322591,8.506987476761022
2026,Conservative,Остальные грузы,Внутр. перевозки,108.01087511085086,101.04490814015173
2026,Base,Остальные грузы,Внутр. перевозки,112.51132824046965,108.51042540823856
2026,Upside,Остальные грузы,Внутр. перевозки,117.01178137008844,119.62189297004221
2027,Conservative,Остальные грузы,Внутр. перевозки,78.13449976926378,73.0953558487447
2027,Base,Остальные грузы,Внутр. перевозки,81.39010392631644,78.49587183069664
2027,Upside,Остальные грузы,Внутр. перевозки,84.6457080833691,86.53384910615999
2028,Conservative,Остальные грузы,Внутр. перевозки,58.248400496354435,54.49177475346295
2028,Base,Остальные грузы,Внутр. перевозки,60.675417183702535,58.51779934865008
2028,Upside,Остальные грузы,Внутр. перевозки,63.102433871050636,64.51002200195185
2029,Conservative,Остальные грузы,Внутр. перевозки,55.29567014106947,51.72947542752745
2029,Base,Остальные грузы,Внутр. перевозки,57.59965639694737,55.55141261547192
2029,Upside,Остальные грузы,Внутр. перевозки,59.90364265282526,61.239877267296244
2030,Conservative,Остальные грузы,Внутр. перевозки,52.4728656833004,49.08872266221417
2030,Base,Остальные грузы,Внутр. перевозки,54.65923508677125,52.71555268708566
2030,Upside,Остальные грузы,Внутр. перевозки,56.845604490242096,58.113625282243234
2031,Conservative,Остальные грузы,Внутр. перевозки,42.145338571926274,39.42725082233932
2031,Base,Остальные грузы,Внутр. перевозки,43.901394345756536,42.34026076282143
2031,Upside,Остальные грузы,Внутр. перевозки,45.6574501195868,46.67590346493434
2032,Conservative,Остальные грузы,Внутр. перевозки,39.583462249014175,37.030598101496054
2032,Base,Остальные грузы,Внутр. перевозки,41.23277317605643,39.76653576191587
2032,Upside,Остальные грузы,Внутр. перевозки,42.88208410309869,43.83862902393606
2033,Conservative,Остальные грузы,Внутр. перевозки,36.761090705325124,34.390250330248456
2033,Base,Остальные грузы,Внутр. перевозки,38.29280281804701,36.93111074983726
2033,Upside,Остальные грузы,Внутр. перевозки,39.82451493076889,40.712856490620595
2034,Conservative,Остальные грузы,Внутр. перевозки,34.46332600470187,32.240675828015426
2034,Base,Остальные грузы,Внутр. перевозки,35.89929792156445,34.62271888747362
2034,Upside,Остальные грузы,Внутр. перевозки,37.335269838427024,38.168085301550924
2035,Conservative,Остальные грузы,Внутр. перевозки,34.54837907600951,32.320243554584614
2035,Base,Остальные грузы,Внутр. перевозки,35.98789487084324,34.70816532923606
2035,Upside,Остальные грузы,Внутр. перевозки,37.42741066567697,38.262281458949836
2036,Conservative,Остальные грузы,Внутр. перевозки,34.81683202301023,32.57138311198382
2036,Base,Остальные грузы,Внутр. перевозки,36.26753335730232,34.97785987111665
2036,Upside,Остальные грузы,Внутр. перевозки,37.71823469159441,38.559592721918996
2026,Conservative,Уголь каменный,Транзит,18.134716492854505,12.260373797228615
2026,Base,Уголь каменный,Транзит,18.890329680056777,13.166208974687086
2026,Upside,Уголь каменный,Транзит,19.64594286725905,14.514428773695045
2027,Conservative,Уголь каменный,Транзит,17.481587280972644,11.818811433752122
2027,Base,Уголь каменный,Транзит,18.209986751013172,12.692022587792229
2027,Upside,Уголь каменный,Транзит,18.9383862210537,13.991685700782154
2028,Conservative,Уголь каменный,Транзит,16.686773684173914,11.281460226761277
2028,Base,Уголь каменный,Транзит,17.382055921014494,12.114970174786595
2028,Upside,Уголь каменный,Транзит,18.077338157855074,13.355543120684743
2029,Conservative,Уголь каменный,Транзит,15.754785941684753,10.651369422647814
2029,Base,Уголь каменный,Транзит,16.41123535592162,11.438326270025575
2029,Upside,Уголь каменный,Транзит,17.067684770158483,12.609610880076195
2030,Conservative,Уголь каменный,Транзит,14.712531013105188,9.946730063029245
2030,Base,Уголь каменный,Транзит,15.32555313865124,10.681625926792575
2030,Upside,Уголь каменный,Транзит,15.93857526419729,11.775424421696137
2031,Conservative,Уголь каменный,Транзит,15.48168602365908,10.466734218656258
2031,Base,Уголь каменный,Транзит,16.126756274644876,11.240049633436703
2031,Upside,Уголь каменный,Транзит,16.771826525630672,12.391030715900621
2032,Conservative,Уголь каменный,Транзит,11.814745234194435,7.9876182761017835
2032,Base,Уголь каменный,Транзит,12.307026285619203,8.577768767291435
2032,Upside,Уголь каменный,Транзит,12.799307337043972,9.456132289062078
2033,Conservative,Уголь каменный,Транзит,10.607257710270916,7.171269787575615
2033,Base,Уголь каменный,Транзит,11.049226781532205,7.701105871537388
2033,Upside,Уголь каменный,Транзит,11.491195852793494,8.489699112782818
2034,Conservative,Уголь каменный,Транзит,9.589759054066766,6.48336745019107
2034,Base,Уголь каменный,Транзит,9.989332347986215,6.962379134655358
2034,Upside,Уголь каменный,Транзит,10.388905641905664,7.675326758044068
2035,Conservative,Уголь каменный,Транзит,9.26235089954994,6.2620159688917205
2035,Base,Уголь каменный,Транзит,9.648282187031187,6.724673506112244
2035,Upside,Уголь каменный,Транзит,10.034213474512434,7.4132800731381385
2036,Conservative,Уголь каменный,Транзит,8.905459038526542,6.0207313795760005
2036,Base,Уголь каменный,Транзит,9.276519831798483,6.465562048513747
2036,Upside,Уголь каменный,Транзит,9.647580625070423,7.127635602281556
2026,Conservative,Уголь каменный,Экспорт,6.347150772499076,4.740792715492006
2026,Base,Уголь каменный,Экспорт,6.611615388019872,5.0910574693857455
2026,Upside,Уголь каменный,Экспорт,6.876080003540667,5.612381754250846
2027,Conservative,Уголь каменный,Экспорт,6.118555548340424,4.57005113201125
2027,Base,Уголь каменный,Экспорт,6.373495362854609,4.9077009579158615
2027,Upside,Уголь каменный,Экспорт,6.628435177368793,5.410249536006446
2028,Conservative,Уголь каменный,Экспорт,5.84037078946087,4.362270298417181
2028,Base,Уголь каменный,Экспорт,6.083719572355073,4.684568619434259
2028,Upside,Уголь каменный,Экспорт,6.327068355249276,5.1642684460643276
2029,Conservative,Уголь каменный,Экспорт,5.514175079589663,4.118629285211301
2029,Base,Уголь каменный,Экспорт,5.743932374572566,4.422926637898734
2029,Upside,Уголь каменный,Экспорт,5.973689669555469,4.875834325619565
2030,Conservative,Уголь каменный,Экспорт,5.149385854586815,3.8461621322209267
2030,Base,Уголь каменный,Экспорт,5.363943598527933,4.13032875023725
2030,Upside,Уголь каменный,Экспорт,5.578501342469051,4.553274414261544
2031,Conservative,Уголь каменный,Экспорт,4.334872086624542,3.2377882214333753
2031,Base,Уголь каменный,Экспорт,4.515491756900565,3.477006251539278
2031,Upside,Уголь каменный,Экспорт,4.6961114271765885,3.8330516916969004
2032,Conservative,Уголь каменный,Экспорт,3.3081286655744413,2.470896445002935
2032,Base,Уголь каменный,Экспорт,3.4459673599733764,2.6534540861285816
2032,Upside,Уголь каменный,Экспорт,3.5838060543723116,2.9251677845481483
2033,Conservative,Уголь каменный,Экспорт,2.9700321588758563,2.2183665282669485
2033,Base,Уголь каменный,Экспорт,3.093783498829017,2.382266460767771
2033,Upside,Уголь каменный,Экспорт,3.2175348387821776,2.6262105463503906
2034,Conservative,Уголь каменный,Экспорт,2.6851325351386945,2.005570250177629
2034,Base,Уголь каменный,Экспорт,2.79701305743614,2.1537481208952203
2034,Upside,Уголь каменный,Экспорт,2.9088935797335855,2.374291928474891
2035,Conservative,Уголь каменный,Экспорт,2.5934582518739826,1.9370971998473347
2035,Base,Уголь каменный,Экспорт,2.701519012368732,2.080216065128152
2035,Upside,Уголь каменный,Экспорт,2.8095797728634815,2.2932301901972747
2036,Conservative,Уголь каменный,Экспорт,3.740292796181148,2.793687038091451
2036,Base,Уголь каменный,Экспорт,3.8961383293553626,3.00009346874082
2036,Upside,Уголь каменный,Экспорт,4.051983862529577,3.3073030399398804
2026,Conservative,Уголь каменный,Экспорт,88.86011081498707,66.37109801688807
2026,Base,Уголь каменный,Экспорт,92.56261543227819,71.27480457140042
2026,Upside,Уголь каменный,Экспорт,96.26512004956932,78.57334455951184
2027,Conservative,Уголь каменный,Экспорт,85.65977767676594,63.98071584815749
2027,Base,Уголь каменный,Экспорт,89.22893507996453,68.70781341082206
2027,Upside,Уголь каменный,Экспорт,92.79809248316312,75.74349350409025
2028,Conservative,Уголь каменный,Экспорт,81.76519105245217,61.07178417784052
2028,Base,Уголь каменный,Экспорт,85.17207401297101,65.5839606720796
2028,Upside,Уголь каменный,Экспорт,88.57895697348985,72.29975824490056
2029,Conservative,Уголь каменный,Экспорт,77.19845111425528,57.660809992958214
2029,Base,Уголь каменный,Экспорт,80.41505324401592,61.92097293058227
2029,Upside,Уголь каменный,Экспорт,83.63165537377657,68.2616805586739
2030,Conservative,Уголь каменный,Экспорт,72.09140196421542,53.846269851092984
2030,Base,Уголь каменный,Экспорт,75.09521037939106,57.8246025033215
2030,Upside,Уголь каменный,Экспорт,78.0990187945667,63.745841799661626
2031,Conservative,Уголь каменный,Экспорт,60.68820921274359,45.32903510006725
2031,Base,Уголь каменный,Экспорт,63.216884596607905,48.67808752154989
2031,Upside,Уголь каменный,Экспорт,65.74555998047222,53.6627236837566
2032,Conservative,Уголь каменный,Экспорт,46.313801318042174,34.59255023004109
2032,Base,Уголь каменный,Экспорт,48.24354303962727,37.148357205800146
2032,Upside,Уголь каменный,Экспорт,50.173284761212365,40.952348983674085
2033,Conservative,Уголь каменный,Экспорт,41.58045022426199,31.057131395737283
2033,Base,Уголь каменный,Экспорт,43.31296898360624,33.3517304507488
2033,Upside,Уголь каменный,Экспорт,45.04548774295049,36.766947648905486
2034,Conservative,Уголь каменный,Экспорт,37.591855491941715,28.077983502486806
2034,Base,Уголь каменный,Экспорт,39.158182804105955,30.152473692533082
2034,Upside,Уголь каменный,Экспорт,40.724510116270196,33.24008699864847
2035,Conservative,Уголь каменный,Экспорт,36.308415526235756,27.11936079786269
2035,Base,Уголь каменный,Экспорт,37.82126617316225,29.12302491179413
2035,Upside,Уголь каменный,Экспорт,39.334116820088745,32.105222662761854
2036,Conservative,Уголь каменный,Экспорт,34.90939943102405,26.074412355520213
2036,Base,Уголь каменный,Экспорт,36.36395774065005,28.00087237491432
2036,Upside,Уголь каменный,Экспорт,37.81851605027605,30.86816170610555
2026,Conservative,Уголь каменный,Экспорт,0.0,0.0
2026,Base,Уголь каменный,Экспорт,0.0,0.0
2026,Upside,Уголь каменный,Экспорт,0.0,0.0
2027,Conservative,Уголь каменный,Экспорт,0.0,0.0
2027,Base,Уголь каменный,Экспорт,0.0,0.0
2027,Upside,Уголь каменный,Экспорт,0.0,0.0
2028,Conservative,Уголь каменный,Экспорт,0.0,0.0
2028,Base,Уголь каменный,Экспорт,0.0,0.0
2028,Upside,Уголь каменный,Экспорт,0.0,0.0
2029,Conservative,Уголь каменный,Экспорт,0.0,0.0
2029,Base,Уголь каменный,Экспорт,0.0,0.0
2029,Upside,Уголь каменный,Экспорт,0.0,0.0
2030,Conservative,Уголь каменный,Экспорт,0.0,0.0
2030,Base,Уголь каменный,Экспорт,0.0,0.0
2030,Upside,Уголь каменный,Экспорт,0.0,0.0
2031,Conservative,Уголь каменный,Экспорт,13.004616259873627,9.713364664300126
2031,Base,Уголь каменный,Экспорт,13.546475270701695,10.431018754617835
2031,Upside,Уголь каменный,Экспорт,14.088334281529763,11.499155075090702
2032,Conservative,Уголь каменный,Экспорт,9.924385996723325,7.412689335008806
2032,Base,Уголь каменный,Экспорт,10.33790207992013,7.960362258385746
2032,Upside,Уголь каменный,Экспорт,10.751418163116936,8.775503353644448
2033,Conservative,Уголь каменный,Экспорт,8.91009647662757,6.655099584800846
2033,Base,Уголь каменный,Экспорт,9.281350496487052,7.146799382303314
2033,Upside,Уголь каменный,Экспорт,9.652604516346534,7.878631639051174
2034,Conservative,Уголь каменный,Экспорт,8.055397605416085,6.016710750532888
2034,Base,Уголь каменный,Экспорт,8.391039172308421,6.461244362685662
2034,Upside,Уголь каменный,Экспорт,8.726680739200757,7.122875785424674
2035,Conservative,Уголь каменный,Экспорт,7.780374755621949,5.811291599542005
2035,Base,Уголь каменный,Экспорт,8.104557037106197,6.2406481953844555
2035,Upside,Уголь каменный,Экспорт,8.428739318590445,6.8796905705918245
2036,Conservative,Уголь каменный,Экспорт,7.480585592362296,5.587374076182902
2036,Base,Уголь каменный,Экспорт,7.792276658710725,6.00018693748164
2036,Upside,Уголь каменный,Экспорт,8.103967725059155,6.614606079879761
2026,Conservative,Уголь каменный,Экспорт,95.20726158748614,71.11189073238008
2026,Base,Уголь каменный,Экспорт,99.17423082029806,76.36586204078617
2026,Upside,Уголь каменный,Экспорт,103.14120005310998,84.18572631376269
2027,Conservative,Уголь каменный,Экспорт,91.77833322510637,68.55076698016873
2027,Base,Уголь каменный,Экспорт,95.60243044281913,73.6155143687379
2027,Upside,Уголь каменный,Экспорт,99.42652766053189,81.15374304009667
2028,Conservative,Уголь каменный,Экспорт,87.60556184191304,65.43405447625771
2028,Base,Уголь каменный,Экспорт,91.25579358532609,70.26852929151387
2028,Upside,Уголь каменный,Экспорт,94.90602532873913,77.4640266909649
2029,Conservative,Уголь каменный,Экспорт,82.71262619384494,61.77943927816951
2029,Base,Уголь каменный,Экспорт,86.15898561858849,66.343899568481
2029,Upside,Уголь каменный,Экспорт,89.60534504333204,73.13751488429347
2030,Conservative,Уголь каменный,Экспорт,77.24078781880222,57.692431983313895
2030,Base,Уголь каменный,Экспорт,80.45915397791899,61.95493125355874
2030,Upside,Уголь каменный,Экспорт,83.67752013703576,68.29911621392317
2031,Conservative,Уголь каменный,Экспорт,65.02308129936813,48.56682332150064
2031,Base,Уголь каменный,Экспорт,67.73237635350847,52.15509377308918
2031,Upside,Уголь каменный,Экспорт,70.44167140764881,57.49577537545351
2032,Conservative,Уголь каменный,Экспорт,76.72853778161367,57.30982389161137
2032,Base,Уголь каменный,Экспорт,79.9255601891809,61.544054866421156
2032,Upside,Уголь каменный,Экспорт,83.12258259674813,67.84616608474269
2033,Conservative,Уголь каменный,Экспорт,68.88674769103707,51.4526601546319
2033,Base,Уголь каменный,Экспорт,71.75702884483029,55.25414535506003
2033,Upside,Уголь каменный,Экспорт,74.6273099986235,60.91216983941818
2034,Conservative,Уголь каменный,Экспорт,62.27880291205477,46.517076048404924
2034,Base,Уголь каменный,Экспорт,64.87375303339039,49.95390469115649
2034,Upside,Уголь каменный,Экспорт,67.468703154726,55.069184531530915
2035,Conservative,Уголь каменный,Экспорт,60.15251508647004,44.92891622742709
2035,Base,Уголь каменный,Экспорт,62.658869881739626,48.248406601618434
2035,Upside,Уголь каменный,Экспорт,65.16522467700922,53.189043437624164
2036,Conservative,Уголь каменный,Экспорт,57.834751131371846,43.19773969351389
2036,Base,Уголь каменный,Экспорт,60.24453242851234,46.3893252722443
2036,Upside,Уголь каменный,Экспорт,62.65431372565284,51.139592180122115
2026,Conservative,Уголь каменный,Экспорт,35.70735651537123,26.670419803324844
2026,Base,Уголь каменный,Экспорт,37.19516303684503,28.64091473724747
2026,Upside,Уголь каменный,Экспорт,38.68296955831883,31.573744406341614
2027,Conservative,Уголь каменный,Экспорт,34.42134150496517,25.709873754889642
2027,Base,Уголь каменный,Экспорт,35.855564067672056,27.60940050997599
2027,Upside,Уголь каменный,Экспорт,37.28978663037894,30.436603122197535
2028,Conservative,Уголь каменный,Экспорт,32.856349161393695,24.540954885914488
2028,Base,Уголь каменный,Экспорт,34.2253637097851,26.354118219409887
2028,Upside,Уголь каменный,Экспорт,35.594378258176505,29.052779925077463
2029,Conservative,Уголь каменный,Экспорт,31.021260170499954,23.17029632869177
2029,Base,Уголь каменный,Экспорт,32.31381267760412,24.882191074626043
2029,Upside,Уголь каменный,Экспорт,33.60636518470829,27.430127440667754
2030,Conservative,Уголь каменный,Экспорт,28.969054483724687,21.637469692099238
2030,Base,Уголь каменный,Экспорт,30.17609842054655,23.236114360072207
2030,Upside,Уголь каменный,Экспорт,31.38314235736841,25.615492470543604
2031,Conservative,Уголь каменный,Экспорт,24.386819943886284,18.21492233096438
2031,Base,Уголь каменный,Экспорт,25.402937441548215,19.56069837947206
2031,Upside,Уголь каменный,Экспорт,26.419054939210145,21.563713893530004
2032,Conservative,Уголь каменный,Экспорт,18.610638677782102,13.900596257546361
2032,Base,Уголь каменный,Экспорт,19.386081956023023,14.927616255956146
2032,Upside,Уголь каменный,Экспорт,20.161525234263944,16.456204160566056
2033,Conservative,Уголь каменный,Экспорт,16.708599017152668,12.47993112906722
2033,Base,Уголь каменный,Экспорт,17.404790642867365,13.401987896335074
2033,Upside,Уголь каменный,Экспорт,18.10098226858206,14.774351456919787
2034,Conservative,Уголь каменный,Экспорт,15.105830656905807,11.282796723531792
2034,Base,Уголь каменный,Экспорт,15.735240267610216,12.116405416163868
2034,Upside,Уголь каменный,Экспорт,16.364649878314626,13.35712533077905
2035,Conservative,Уголь каменный,Экспорт,14.590095891315022,10.897585830097148
2035,Base,Уголь каменный,Экспорт,15.198016553453147,11.702733924073398
2035,Upside,Уголь каменный,Экспорт,15.805937215591273,12.901093877898514
2036,Conservative,Уголь каменный,Экспорт,14.027918261506779,10.47768598720148
2036,Base,Уголь каменный,Экспорт,14.612414855736228,11.251810553266195
2036,Upside,Уголь каменный,Экспорт,15.196911449965677,12.403995953920653
2026,Conservative,Руды всякие,Экспорт,0.0,0.0
2026,Base,Руды всякие,Экспорт,0.0,0.0
2026,Upside,Руды всякие,Экспорт,0.0,0.0
2027,Conservative,Руды всякие,Экспорт,0.0,0.0
2027,Base,Руды всякие,Экспорт,0.0,0.0
2027,Upside,Руды всякие,Экспорт,0.0,0.0
2028,Conservative,Руды всякие,Экспорт,0.0,0.0
2028,Base,Руды всякие,Экспорт,0.0,0.0
2028,Upside,Руды всякие,Экспорт,0.0,0.0
2029,Conservative,Руды всякие,Экспорт,0.0,0.0
2029,Base,Руды всякие,Экспорт,0.0,0.0
2029,Upside,Руды всякие,Экспорт,0.0,0.0
2030,Conservative,Руды всякие,Экспорт,0.0,0.0
2030,Base,Руды всякие,Экспорт,0.0,0.0
2030,Upside,Руды всякие,Экспорт,0.0,0.0
2031,Conservative,Руды всякие,Экспорт,0.0,0.0
2031,Base,Руды всякие,Экспорт,0.0,0.0
2031,Upside,Руды всякие,Экспорт,0.0,0.0
2032,Conservative,Руды всякие,Экспорт,69.44918075629965,46.93248880685719
2032,Base,Руды всякие,Экспорт,72.34289662114547,50.40000945753564
2032,Upside,Руды всякие,Экспорт,75.23661248599129,55.56097042598729
2033,Conservative,Руды всякие,Экспорт,62.380181999819584,42.15538846670531
2033,Base,Руды всякие,Экспорт,64.97935624981207,45.26996184139317
2033,Upside,Руды всякие,Экспорт,67.57853049980456,49.90560593395183
2034,Conservative,Руды всякие,Экспорт,56.4306042564525,38.13477241615854
2034,Base,Руды всякие,Экспорт,58.78187943380469,40.952289965805996
2034,Upside,Руды всякие,Экспорт,61.13315461115688,45.14580445830453
2035,Conservative,Руды всякие,Экспорт,54.53741771616678,36.85539150563293
2035,Base,Руды всякие,Экспорт,56.80981012100706,39.578384348832614
2035,Upside,Руды всякие,Экспорт,59.08220252584734,43.63121090615308
2036,Conservative,Руды всякие,Экспорт,52.97984622979106,35.80281312307833
2036,Base,Руды всякие,Экспорт,55.18733982269902,38.448038147635664
2036,Upside,Руды всякие,Экспорт,57.39483341560699,42.38511725395356
2026,Conservative,Лесные грузы,Экспорт,19.189209556172244,19.692730427101434
2026,Base,Лесные грузы,Экспорт,19.98875995434609,21.147691609859788
2026,Upside,Лесные грузы,Экспорт,20.788310352519936,23.31321523070943
2027,Conservative,Лесные грузы,Экспорт,18.423754390317214,18.9071898767682
2027,Base,Лесные грузы,Экспорт,19.1914108232471,20.304112840172035
2027,Upside,Лесные грузы,Экспорт,19.959067256176986,22.383253995005653
2028,Conservative,Лесные грузы,Экспорт,17.500347504262063,17.959552985921686
2028,Base,Лесные грузы,Экспорт,18.229528650272982,19.28646153986435
2028,Upside,Лесные грузы,Экспорт,18.9587097962839,21.26139520154646
2029,Conservative,Лесные грузы,Экспорт,16.43669071498526,16.867986063539156
2029,Base,Лесные грузы,Экспорт,17.121552828109646,18.11424620225425
2029,Upside,Лесные грузы,Экспорт,17.80641494123403,19.969145013365086
2030,Conservative,Лесные грузы,Экспорт,15.26331503458726,15.663821249133754
2030,Base,Лесные грузы,Экспорт,15.89928649436173,16.82111388437903
2030,Upside,Лесные грузы,Экспорт,16.5352579541362,18.543595946139444
2031,Conservative,Лесные грузы,Экспорт,14.078688148028512,14.448109999256122
2031,Base,Лесные грузы,Экспорт,14.665300154196366,15.515582043874703
2031,Upside,Лесные грузы,Экспорт,15.25191216036422,17.104377645167474
2032,Conservative,Лесные грузы,Экспорт,12.79794729837266,13.133762775863742
2032,Base,Лесные грузы,Экспорт,13.331195102471522,14.104126692293539
2032,Upside,Лесные грузы,Экспорт,13.864442906570384,15.5483892655844
2033,Conservative,Лесные грузы,Экспорт,11.432624660267143,11.732614355470226
2033,Base,Лесные грузы,Экспорт,11.908984021111607,12.599456996853766
2033,Upside,Лесные грузы,Экспорт,12.385343381956071,13.889641393331592
2034,Conservative,Лесные грузы,Экспорт,10.281680683645035,10.551469848086128
2034,Base,Лесные грузы,Экспорт,10.71008404546358,11.331045799061565
2034,Upside,Лесные грузы,Экспорт,11.138487407282124,12.491344888885472
2035,Conservative,Лесные грузы,Экспорт,9.910653957269092,10.17070745751537
2035,Base,Лесные грузы,Экспорт,10.323597872155306,10.922151479290562
2035,Upside,Лесные грузы,Экспорт,10.736541787041519,12.040579790769918
2036,Conservative,Лесные грузы,Экспорт,9.598318379466418,9.850176259059486
2036,Base,Лесные грузы,Экспорт,9.998248311944186,10.577938422529517
2036,Upside,Лесные грузы,Экспорт,10.398178244421954,11.66111931699654
2026,Conservative,Кокс каменноугольный,Внутр. перевозки,8.259958884515195,6.282252383501901
2026,Base,Кокс каменноугольный,Внутр. перевозки,8.604123838036662,6.746405051011492
2026,Upside,Кокс каменноугольный,Внутр. перевозки,8.948288791558129,7.43723692823507
2027,Conservative,Кокс каменноугольный,Внутр. перевозки,7.870082778155707,5.985725471843903
2027,Base,Кокс каменноугольный,Внутр. перевозки,8.198002893912195,6.427969793646803
2027,Upside,Кокс каменноугольный,Внутр. перевозки,8.525923009668682,7.086193900516237
2028,Conservative,Кокс каменноугольный,Внутр. перевозки,7.5624850456056665,5.751776778455741
2028,Base,Кокс каменноугольный,Внутр. перевозки,7.87758858917257,6.176736231159516
2028,Upside,Кокс каменноугольный,Внутр. перевозки,8.192692132739472,6.809234021230252
2029,Conservative,Кокс каменноугольный,Внутр. перевозки,7.151226598088573,5.438987163123267
2029,Base,Кокс каменноугольный,Внутр. перевозки,7.44919437300893,5.8408367301581485
2029,Upside,Кокс каменноугольный,Внутр. перевозки,7.747162147929287,6.438938411326344
2030,Conservative,Кокс каменноугольный,Внутр. перевозки,6.696797423500584,5.093363316188617
2030,Base,Кокс каменноугольный,Внутр. перевозки,6.975830649479775,5.469677100718016
2030,Upside,Кокс каменноугольный,Внутр. перевозки,7.254863875458966,6.029772035831542
2031,Conservative,Кокс каменноугольный,Внутр. перевозки,6.311916463989695,4.800635548525679
2031,Base,Кокс каменноугольный,Внутр. перевозки,6.574912983322599,5.155321680117782
2031,Upside,Кокс каменноугольный,Внутр. перевозки,6.837909502655503,5.683226620161844
2032,Conservative,Кокс каменноугольный,Внутр. перевозки,5.73174986270995,4.359379960613415
2032,Base,Кокс каменноугольный,Внутр. перевозки,5.970572773656198,4.681464734335713
2032,Upside,Кокс каменноугольный,Внутр. перевозки,6.2093956846024465,5.160846723131691
2033,Conservative,Кокс каменноугольный,Внутр. перевозки,5.217436521311623,3.9682101908796157
2033,Base,Кокс каменноугольный,Внутр. перевозки,5.434829709699608,4.261394105326048
2033,Upside,Кокс каменноугольный,Внутр. перевозки,5.652222898087593,4.697760861711435
2034,Conservative,Кокс каменноугольный,Внутр. перевозки,4.721468596372022,3.590993340026588
2034,Base,Кокс каменноугольный,Внутр. перевозки,4.91819645455419,3.8563072809563876
2034,Upside,Кокс каменноугольный,Внутр. перевозки,5.114924312736358,4.251193146526322
2035,Conservative,Кокс каменноугольный,Внутр. перевозки,4.568791546548534,3.474872209937459
2035,Base,Кокс каменноугольный,Внутр. перевозки,4.759157860988056,3.7316067546579244
2035,Upside,Кокс каменноугольный,Внутр. перевозки,4.9495241754275785,4.113723286334896
2036,Conservative,Кокс каменноугольный,Внутр. перевозки,4.495946562799306,3.419468717113462
2036,Base,Кокс каменноугольный,Внутр. перевозки,4.68327766958261,3.6721098766252815
2036,Upside,Кокс каменноугольный,Внутр. перевозки,4.8706087763659145,4.048133927991711
2026,Conservative,nan,Внутр. перевозки,13.221698112,11.452767121595523
2026,Base,nan,Внутр. перевозки,13.772602200000001,12.298933764600003
2026,Upside,nan,Внутр. перевозки,14.323506288000003,13.558344582095044
2027,Conservative,nan,Внутр. перевозки,13.982978111999998,12.11219547039552
2027,Base,nan,Внутр. перевозки,14.565602199999999,13.0070827646
2027,Upside,nan,Внутр. перевозки,15.148226288,14.339008039695042
2028,Conservative,nan,Внутр. перевозки,14.328578111999999,12.411557646395519
2028,Base,nan,Внутр. перевозки,14.9256022,13.3285627646
2028,Upside,nan,Внутр. перевозки,15.522626288000001,14.69340759169504
2029,Conservative,nan,Внутр. перевозки,14.424578111999999,12.49471380639552
2029,Base,nan,Внутр. перевозки,15.0256022,13.4178627646
2029,Upside,nan,Внутр. перевозки,15.626626288,14.79185191169504
2030,Conservative,nan,Внутр. перевозки,14.453378112000001,12.51966065439552
2030,Base,nan,Внутр. перевозки,15.055602200000001,13.4446527646
2030,Upside,nan,Внутр. перевозки,15.657826288,14.821385207695043
2031,Conservative,nan,Внутр. перевозки,15.211778112,13.17659431839552
2031,Base,nan,Внутр. перевозки,15.8456022,14.1501227646
2031,Upside,nan,Внутр. перевозки,16.479426288,15.599095335695042
2032,Conservative,nan,Внутр. перевозки,16.565171327999998,14.34891705602688
2032,Base,nan,Внутр. перевозки,17.2553868,15.4090604124
2032,Upside,nan,Внутр. перевозки,17.945602272000002,16.98694819862976
2033,Conservative,nan,Внутр. перевозки,16.565171327999998,14.34891705602688
2033,Base,nan,Внутр. перевозки,17.2553868,15.4090604124
2033,Upside,nan,Внутр. перевозки,17.945602272000002,16.98694819862976
2034,Conservative,nan,Внутр. перевозки,16.811221248000003,14.56204795723008
2034,Base,nan,Внутр. перевозки,17.5116888,15.637938098400001
2034,Upside,nan,Внутр. перевозки,18.212156352,17.23926295967616
2035,Conservative,nan,Внутр. перевозки,17.003221247999996,14.728360277230077
2035,Base,nan,Внутр. перевозки,17.711688799999997,15.816538098399999
2035,Upside,nan,Внутр. перевозки,18.420156352,17.436151599676162
2036,Conservative,nan,Внутр. перевозки,17.070421248,14.786569589230078
2036,Base,nan,Внутр. перевозки,17.781688799999998,15.879048098399998
2036,Upside,nan,Внутр. перевозки,18.492956351999997,17.50506262367616
