year,route,cargo,traffic_type,containerization,distance_km,class_coeff,cargo_coeff,traffic_coeff,container_coeff,tariff_index,volume_mln_t,revenue_base_bln_rub
2026,ВЕЛИКИЙ НОВГОРОД -> АВТОВО,Удобрения,Внутр. перевозки,Конт.,893.0,1.0,1.1,1.0,1.08,1.1880000000000002,0.0,0.0
2027,ВЕЛИКИЙ НОВГОРОД -> АВТОВО,Удобрения,Внутр. перевозки,Конт.,893.0,1.0,1.1,1.0,1.08,1.1880000000000002,0.0,0.0
2028,ВЕЛИКИЙ НОВГОРОД -> АВТОВО,Удобрения,Внутр. перевозки,Конт.,893.0,1.0,1.1,1.0,1.08,1.1880000000000002,0.0,0.0
2029,ВЕЛИКИЙ НОВГОРОД -> АВТОВО,Удобрения,Внутр. перевозки,Конт.,893.0,1.0,1.1,1.0,1.08,1.1880000000000002,0.0,0.0
2030,ВЕЛИКИЙ НОВГОРОД -> АВТОВО,Удобрения,Внутр. перевозки,Конт.,893.0,1.0,1.1,1.0,1.08,1.1880000000000002,0.0,0.0
2031,ВЕЛИКИЙ НОВГОРОД -> АВТОВО,Удобрения,Внутр. перевозки,Конт.,893.0,1.0,1.1,1.0,1.08,1.1880000000000002,0.0,0.0
2032,ВЕЛИКИЙ НОВГОРОД -> АВТОВО,Удобрения,Внутр. перевозки,Конт.,893.0,1.0,1.1,1.0,1.08,1.1880000000000002,0.0,0.0
2033,ВЕЛИКИЙ НОВГОРОД -> АВТОВО,Удобрения,Внутр. перевозки,Конт.,893.0,1.0,1.1,1.0,1.08,1.1880000000000002,0.0,0.0
2034,ВЕЛИКИЙ НОВГОРОД -> АВТОВО,Удобрения,Внутр. перевозки,Конт.,893.0,1.0,1.1,1.0,1.08,1.1880000000000002,0.0,0.0
2035,ВЕЛИКИЙ НОВГОРОД -> АВТОВО,Удобрения,Внутр. перевозки,Конт.,893.0,1.0,1.1,1.0,1.08,1.1880000000000002,0.0,0.0
2036,ВЕЛИКИЙ НОВГОРОД -> АВТОВО,Удобрения,Внутр. перевозки,Конт.,893.0,1.0,1.1,1.0,1.08,1.1880000000000002,0.0,0.0
2026,ВЕЛИКИЙ НОВГОРОД -> АВТОВО (ЭКСП.),Удобрения,Экспорт,Конт.,879.0,1.0,1.1,1.03,1.08,1.2236400000000003,26.68314403716765,28.699844322913414
2027,ВЕЛИКИЙ НОВГОРОД -> АВТОВО (ЭКСП.),Удобрения,Экспорт,Конт.,879.0,1.0,1.1,1.03,1.08,1.2236400000000003,25.870748925589346,27.826048746255868
2028,ВЕЛИКИЙ НОВГОРОД -> АВТОВО (ЭКСП.),Удобрения,Экспорт,Конт.,879.0,1.0,1.1,1.03,1.08,1.2236400000000003,22.039474213380075,23.705207977058695
2029,ВЕЛИКИЙ НОВГОРОД -> АВТОВО (ЭКСП.),Удобрения,Экспорт,Конт.,879.0,1.0,1.1,1.03,1.08,1.2236400000000003,17.223383780430325,18.52511954826639
2030,ВЕЛИКИЙ НОВГОРОД -> АВТОВО (ЭКСП.),Удобрения,Экспорт,Конт.,879.0,1.0,1.1,1.03,1.08,1.2236400000000003,14.40509640017809,15.493827247861136
2031,ВЕЛИКИЙ НОВГОРОД -> АВТОВО (ЭКСП.),Удобрения,Экспорт,Конт.,879.0,1.0,1.1,1.03,1.08,1.2236400000000003,5.927841558864309,6.37586521563299
2032,ВЕЛИКИЙ НОВГОРОД -> АВТОВО (ЭКСП.),Удобрения,Экспорт,Конт.,879.0,1.0,1.1,1.03,1.08,1.2236400000000003,5.564278131074811,5.984823823939069
2033,ВЕЛИКИЙ НОВГОРОД -> АВТОВО (ЭКСП.),Удобрения,Экспорт,Конт.,879.0,1.0,1.1,1.03,1.08,1.2236400000000003,5.14039449681139,5.528903251106818
2034,ВЕЛИКИЙ НОВГОРОД -> АВТОВО (ЭКСП.),Удобрения,Экспорт,Конт.,879.0,1.0,1.1,1.03,1.08,1.2236400000000003,3.185646054378295,3.4264157814839433
2035,ВЕЛИКИЙ НОВГОРОД -> АВТОВО (ЭКСП.),Удобрения,Экспорт,Конт.,879.0,1.0,1.1,1.03,1.08,1.2236400000000003,3.1616398021509706,3.4005951472760287
2036,ВЕЛИКИЙ НОВГОРОД -> АВТОВО (ЭКСП.),Удобрения,Экспорт,Конт.,879.0,1.0,1.1,1.03,1.08,1.2236400000000003,3.1520332272177463,3.3902625116362444
2026,ВЕЛИКИЙ НОВГОРОД -> АВТОВО (ЭКСП.),Удобрения,Экспорт,Конт.,879.0,1.0,1.1,1.03,1.08,1.2236400000000003,2.2235953364306376,2.3916536935761177
2027,ВЕЛИКИЙ НОВГОРОД -> АВТОВО (ЭКСП.),Удобрения,Экспорт,Конт.,879.0,1.0,1.1,1.03,1.08,1.2236400000000003,3.122331766881473,3.358316227996398
2028,ВЕЛИКИЙ НОВГОРОД -> АВТОВО (ЭКСП.),Удобрения,Экспорт,Конт.,879.0,1.0,1.1,1.03,1.08,1.2236400000000003,6.611842264014022,7.111562393117607
2029,ВЕЛИКИЙ НОВГОРОД -> АВТОВО (ЭКСП.),Удобрения,Экспорт,Конт.,879.0,1.0,1.1,1.03,1.08,1.2236400000000003,10.764614862768955,11.578199717666495
2030,ВЕЛИКИЙ НОВГОРОД -> АВТОВО (ЭКСП.),Удобрения,Экспорт,Конт.,879.0,1.0,1.1,1.03,1.08,1.2236400000000003,12.347225485866936,13.280423355309548
2031,ВЕЛИКИЙ НОВГОРОД -> АВТОВО (ЭКСП.),Удобрения,Экспорт,Конт.,879.0,1.0,1.1,1.03,1.08,1.2236400000000003,19.75947186288103,21.25288405210996
2032,ВЕЛИКИЙ НОВГОРОД -> АВТОВО (ЭКСП.),Удобрения,Экспорт,Конт.,879.0,1.0,1.1,1.03,1.08,1.2236400000000003,18.54759377024937,19.949412746463565
2033,ВЕЛИКИЙ НОВГОРОД -> АВТОВО (ЭКСП.),Удобрения,Экспорт,Конт.,879.0,1.0,1.1,1.03,1.08,1.2236400000000003,17.13464832270463,18.429677503689387
2034,ВЕЛИКИЙ НОВГОРОД -> АВТОВО (ЭКСП.),Удобрения,Экспорт,Конт.,879.0,1.0,1.1,1.03,1.08,1.2236400000000003,17.521053299080624,18.84528679816169
2035,ВЕЛИКИЙ НОВГОРОД -> АВТОВО (ЭКСП.),Удобрения,Экспорт,Конт.,879.0,1.0,1.1,1.03,1.08,1.2236400000000003,17.389018911830338,18.703273310018158
2036,ВЕЛИКИЙ НОВГОРОД -> АВТОВО (ЭКСП.),Удобрения,Экспорт,Конт.,879.0,1.0,1.1,1.03,1.08,1.2236400000000003,17.336182749697606,18.646443813999348
2026,ВЕЛИКИЙ НОВГОРОД -> ВОЛХОВСТРОЙ II,Минерально-строит.,Внутр. перевозки,Конт.,893.0,0.75,0.77,1.0,1.08,0.6237,43.938338385735115,24.472077094506414
2027,ВЕЛИКИЙ НОВГОРОД -> ВОЛХОВСТРОЙ II,Минерально-строит.,Внутр. перевозки,Конт.,893.0,0.75,0.77,1.0,1.08,0.6237,41.61380516704169,23.177395542436727
2028,ВЕЛИКИЙ НОВГОРОД -> ВОЛХОВСТРОЙ II,Минерально-строит.,Внутр. перевозки,Конт.,893.0,0.75,0.77,1.0,1.08,0.6237,39.67164830068912,22.095683891309847
2029,ВЕЛИКИЙ НОВГОРОД -> ВОЛХОВСТРОЙ II,Минерально-строит.,Внутр. перевозки,Конт.,893.0,0.75,0.77,1.0,1.08,0.6237,37.424875143383886,20.844311901847178
2030,ВЕЛИКИЙ НОВГОРОД -> ВОЛХОВСТРОЙ II,Минерально-строит.,Внутр. перевозки,Конт.,893.0,0.75,0.77,1.0,1.08,0.6237,34.91843252789931,19.448313346312165
2031,ВЕЛИКИЙ НОВГОРОД -> ВОЛХОВСТРОЙ II,Минерально-строит.,Внутр. перевозки,Конт.,893.0,0.75,0.77,1.0,1.08,0.6237,32.16823855292401,17.916554034214624
2032,ВЕЛИКИЙ НОВГОРОД -> ВОЛХОВСТРОЙ II,Минерально-строит.,Внутр. перевозки,Конт.,893.0,0.75,0.77,1.0,1.08,0.6237,29.242057894882215,16.28677645757097
2033,ВЕЛИКИЙ НОВГОРОД -> ВОЛХОВСТРОЙ II,Минерально-строит.,Внутр. перевозки,Конт.,893.0,0.75,0.77,1.0,1.08,0.6237,26.196927584807916,14.590748195037717
2034,ВЕЛИКИЙ НОВГОРОД -> ВОЛХОВСТРОЙ II,Минерально-строит.,Внутр. перевозки,Конт.,893.0,0.75,0.77,1.0,1.08,0.6237,23.723422028464626,13.213094399003975
2035,ВЕЛИКИЙ НОВГОРОД -> ВОЛХОВСТРОЙ II,Минерально-строит.,Внутр. перевозки,Конт.,893.0,0.75,0.77,1.0,1.08,0.6237,22.907973455088403,12.758918818237204
2036,ВЕЛИКИЙ НОВГОРОД -> ВОЛХОВСТРОЙ II,Минерально-строит.,Внутр. перевозки,Конт.,893.0,0.75,0.77,1.0,1.08,0.6237,22.202163687762614,12.365808116407386
2026,ЗАГОРОДНЯЯ -> ТУАПСЕ-СОРТИРОВОЧНАЯ (ЭКСП.),Нефтяные грузы,Экспорт,Конт.,879.0,1.0,1.0,1.03,1.08,1.1124,25.246361116435875,24.685881801106554
2027,ЗАГОРОДНЯЯ -> ТУАПСЕ-СОРТИРОВОЧНАЯ (ЭКСП.),Нефтяные грузы,Экспорт,Конт.,879.0,1.0,1.0,1.03,1.08,1.1124,24.279473564725567,23.740459539799236
2028,ЗАГОРОДНЯЯ -> ТУАПСЕ-СОРТИРОВОЧНАЯ (ЭКСП.),Нефтяные грузы,Экспорт,Конт.,879.0,1.0,1.0,1.03,1.08,1.1124,23.1305187705128,22.61701200159991
2029,ЗАГОРОДНЯЯ -> ТУАПСЕ-СОРТИРОВОЧНАЯ (ЭКСП.),Нефтяные грузы,Экспорт,Конт.,879.0,1.0,1.0,1.03,1.08,1.1124,20.80840763401488,20.3464526611767
2030,ЗАГОРОДНЯЯ -> ТУАПСЕ-СОРТИРОВОЧНАЯ (ЭКСП.),Нефтяные грузы,Экспорт,Конт.,879.0,1.0,1.0,1.03,1.08,1.1124,19.43295929665192,19.001539827082528
2031,ЗАГОРОДНЯЯ -> ТУАПСЕ-СОРТИРОВОЧНАЯ (ЭКСП.),Нефтяные грузы,Экспорт,Конт.,879.0,1.0,1.0,1.03,1.08,1.1124,17.904296886573427,17.50681433397274
2032,ЗАГОРОДНЯЯ -> ТУАПСЕ-СОРТИРОВОЧНАЯ (ЭКСП.),Нефтяные грузы,Экспорт,Конт.,879.0,1.0,1.0,1.03,1.08,1.1124,16.291303064920694,15.929629620358229
2033,ЗАГОРОДНЯЯ -> ТУАПСЕ-СОРТИРОВОЧНАЯ (ЭКСП.),Нефтяные грузы,Экспорт,Конт.,879.0,1.0,1.0,1.03,1.08,1.1124,14.587815840772983,14.263960493981488
2034,ЗАГОРОДНЯЯ -> ТУАПСЕ-СОРТИРОВОЧНАЯ (ЭКСП.),Нефтяные грузы,Экспорт,Конт.,879.0,1.0,1.0,1.03,1.08,1.1124,13.185703770628749,12.892975872639283
2035,ЗАГОРОДНЯЯ -> ТУАПСЕ-СОРТИРОВОЧНАЯ (ЭКСП.),Нефтяные грузы,Экспорт,Конт.,879.0,1.0,1.0,1.03,1.08,1.1124,11.661209095183988,11.402325588787265
2036,ЗАГОРОДНЯЯ -> ТУАПСЕ-СОРТИРОВОЧНАЯ (ЭКСП.),Нефтяные грузы,Экспорт,Конт.,879.0,1.0,1.0,1.03,1.08,1.1124,11.321931822193859,11.070580406968425
2026,ЗАИНСК -> ВЫШЕСТЕБЛИЕВСКАЯ-ЭКСПОРТ,Остальные грузы,Экспорт,Конт.,879.0,1.0,1.0,1.03,1.08,1.1124,0.0,0.0
2027,ЗАИНСК -> ВЫШЕСТЕБЛИЕВСКАЯ-ЭКСПОРТ,Остальные грузы,Экспорт,Конт.,879.0,1.0,1.0,1.03,1.08,1.1124,0.0,0.0
2028,ЗАИНСК -> ВЫШЕСТЕБЛИЕВСКАЯ-ЭКСПОРТ,Остальные грузы,Экспорт,Конт.,879.0,1.0,1.0,1.03,1.08,1.1124,0.0,0.0
2029,ЗАИНСК -> ВЫШЕСТЕБЛИЕВСКАЯ-ЭКСПОРТ,Остальные грузы,Экспорт,Конт.,879.0,1.0,1.0,1.03,1.08,1.1124,0.0,0.0
2030,ЗАИНСК -> ВЫШЕСТЕБЛИЕВСКАЯ-ЭКСПОРТ,Остальные грузы,Экспорт,Конт.,879.0,1.0,1.0,1.03,1.08,1.1124,0.0,0.0
2031,ЗАИНСК -> ВЫШЕСТЕБЛИЕВСКАЯ-ЭКСПОРТ,Остальные грузы,Экспорт,Конт.,879.0,1.0,1.0,1.03,1.08,1.1124,32.9260457593174,32.19507437304225
2032,ЗАИНСК -> ВЫШЕСТЕБЛИЕВСКАЯ-ЭКСПОРТ,Остальные грузы,Экспорт,Конт.,879.0,1.0,1.0,1.03,1.08,1.1124,30.92457988204232,30.238041838829027
2033,ЗАИНСК -> ВЫШЕСТЕБЛИЕВСКАЯ-ЭКСПОРТ,Остальные грузы,Экспорт,Конт.,879.0,1.0,1.0,1.03,1.08,1.1124,28.719602113535252,28.082015458773927
2034,ЗАИНСК -> ВЫШЕСТЕБЛИЕВСКАЯ-ЭКСПОРТ,Остальные грузы,Экспорт,Конт.,879.0,1.0,1.0,1.03,1.08,1.1124,26.92447344117333,26.326739360989908
2035,ЗАИНСК -> ВЫШЕСТЕБЛИЕВСКАЯ-ЭКСПОРТ,Остальные грузы,Экспорт,Конт.,879.0,1.0,1.0,1.03,1.08,1.1124,26.99092115313243,26.39171190716443
2036,ЗАИНСК -> ВЫШЕСТЕБЛИЕВСКАЯ-ЭКСПОРТ,Остальные грузы,Экспорт,Конт.,879.0,1.0,1.0,1.03,1.08,1.1124,27.200650017976738,26.596784707317646
2026,КАШПИР -> ВЫШЕСТЕБЛИЕВСКАЯ (НАЛИВ)(ЭКСП.),Нефтяные грузы,Экспорт,Конт.,879.0,1.0,1.0,1.03,1.08,1.1124,25.246361116435875,24.685881801106554
2027,КАШПИР -> ВЫШЕСТЕБЛИЕВСКАЯ (НАЛИВ)(ЭКСП.),Нефтяные грузы,Экспорт,Конт.,879.0,1.0,1.0,1.03,1.08,1.1124,24.279473564725567,23.740459539799236
2028,КАШПИР -> ВЫШЕСТЕБЛИЕВСКАЯ (НАЛИВ)(ЭКСП.),Нефтяные грузы,Экспорт,Конт.,879.0,1.0,1.0,1.03,1.08,1.1124,23.1305187705128,22.61701200159991
2029,КАШПИР -> ВЫШЕСТЕБЛИЕВСКАЯ (НАЛИВ)(ЭКСП.),Нефтяные грузы,Экспорт,Конт.,879.0,1.0,1.0,1.03,1.08,1.1124,20.80840763401488,20.3464526611767
2030,КАШПИР -> ВЫШЕСТЕБЛИЕВСКАЯ (НАЛИВ)(ЭКСП.),Нефтяные грузы,Экспорт,Конт.,879.0,1.0,1.0,1.03,1.08,1.1124,19.43295929665192,19.001539827082528
2031,КАШПИР -> ВЫШЕСТЕБЛИЕВСКАЯ (НАЛИВ)(ЭКСП.),Нефтяные грузы,Экспорт,Конт.,879.0,1.0,1.0,1.03,1.08,1.1124,17.904296886573427,17.50681433397274
2032,КАШПИР -> ВЫШЕСТЕБЛИЕВСКАЯ (НАЛИВ)(ЭКСП.),Нефтяные грузы,Экспорт,Конт.,879.0,1.0,1.0,1.03,1.08,1.1124,16.291303064920694,15.929629620358229
2033,КАШПИР -> ВЫШЕСТЕБЛИЕВСКАЯ (НАЛИВ)(ЭКСП.),Нефтяные грузы,Экспорт,Конт.,879.0,1.0,1.0,1.03,1.08,1.1124,14.587815840772983,14.263960493981488
2034,КАШПИР -> ВЫШЕСТЕБЛИЕВСКАЯ (НАЛИВ)(ЭКСП.),Нефтяные грузы,Экспорт,Конт.,879.0,1.0,1.0,1.03,1.08,1.1124,13.185703770628749,12.892975872639283
2035,КАШПИР -> ВЫШЕСТЕБЛИЕВСКАЯ (НАЛИВ)(ЭКСП.),Нефтяные грузы,Экспорт,Конт.,879.0,1.0,1.0,1.03,1.08,1.1124,11.661209095183988,11.402325588787265
2036,КАШПИР -> ВЫШЕСТЕБЛИЕВСКАЯ (НАЛИВ)(ЭКСП.),Нефтяные грузы,Экспорт,Конт.,879.0,1.0,1.0,1.03,1.08,1.1124,11.321931822193859,11.070580406968425
2026,НОВОКУЙБЫШЕВСКАЯ -> НОВОРОССИЙСК (ЭКСП.),Нефтяные грузы,Экспорт,Конт.,879.0,1.0,1.0,1.03,1.08,1.1124,8.415453705478624,8.228627267035517
2027,НОВОКУЙБЫШЕВСКАЯ -> НОВОРОССИЙСК (ЭКСП.),Нефтяные грузы,Экспорт,Конт.,879.0,1.0,1.0,1.03,1.08,1.1124,8.093157854908524,7.913486513266413
2028,НОВОКУЙБЫШЕВСКАЯ -> НОВОРОССИЙСК (ЭКСП.),Нефтяные грузы,Экспорт,Конт.,879.0,1.0,1.0,1.03,1.08,1.1124,7.710172923504267,7.539004000533304
2029,НОВОКУЙБЫШЕВСКАЯ -> НОВОРОССИЙСК (ЭКСП.),Нефтяные грузы,Экспорт,Конт.,879.0,1.0,1.0,1.03,1.08,1.1124,13.872271756009921,13.564301774117798
2030,НОВОКУЙБЫШЕВСКАЯ -> НОВОРОССИЙСК (ЭКСП.),Нефтяные грузы,Экспорт,Конт.,879.0,1.0,1.0,1.03,1.08,1.1124,12.955306197767948,12.667693218055023
2031,НОВОКУЙБЫШЕВСКАЯ -> НОВОРОССИЙСК (ЭКСП.),Нефтяные грузы,Экспорт,Конт.,879.0,1.0,1.0,1.03,1.08,1.1124,11.936197924382284,11.671209555981829
2032,НОВОКУЙБЫШЕВСКАЯ -> НОВОРОССИЙСК (ЭКСП.),Нефтяные грузы,Экспорт,Конт.,879.0,1.0,1.0,1.03,1.08,1.1124,10.86086870994713,10.619753080238821
2033,НОВОКУЙБЫШЕВСКАЯ -> НОВОРОССИЙСК (ЭКСП.),Нефтяные грузы,Экспорт,Конт.,879.0,1.0,1.0,1.03,1.08,1.1124,9.725210560515322,9.509306995987657
2034,НОВОКУЙБЫШЕВСКАЯ -> НОВОРОССИЙСК (ЭКСП.),Нефтяные грузы,Экспорт,Конт.,879.0,1.0,1.0,1.03,1.08,1.1124,8.790469180419166,8.595317248426188
2035,НОВОКУЙБЫШЕВСКАЯ -> НОВОРОССИЙСК (ЭКСП.),Нефтяные грузы,Экспорт,Конт.,879.0,1.0,1.0,1.03,1.08,1.1124,15.548278793578653,15.20310078504969
2036,НОВОКУЙБЫШЕВСКАЯ -> НОВОРОССИЙСК (ЭКСП.),Нефтяные грузы,Экспорт,Конт.,879.0,1.0,1.0,1.03,1.08,1.1124,15.09590909625848,14.760773875957904
2026,НОВОКУЙБЫШЕВСКАЯ -> ТУАПСЕ-СОРТИРОВОЧНАЯ (ЭКСП.),Нефтяные грузы,Экспорт,Конт.,879.0,1.0,1.0,1.03,1.08,1.1124,117.81635187670074,115.20078173849724
2027,НОВОКУЙБЫШЕВСКАЯ -> ТУАПСЕ-СОРТИРОВОЧНАЯ (ЭКСП.),Нефтяные грузы,Экспорт,Конт.,879.0,1.0,1.0,1.03,1.08,1.1124,113.30420996871932,110.78881118572976
2028,НОВОКУЙБЫШЕВСКАЯ -> ТУАПСЕ-СОРТИРОВОЧНАЯ (ЭКСП.),Нефтяные грузы,Экспорт,Конт.,879.0,1.0,1.0,1.03,1.08,1.1124,107.94242092905974,105.54605600746623
2029,НОВОКУЙБЫШЕВСКАЯ -> ТУАПСЕ-СОРТИРОВОЧНАЯ (ЭКСП.),Нефтяные грузы,Экспорт,Конт.,879.0,1.0,1.0,1.03,1.08,1.1124,97.10590229206943,94.95011241882459
2030,НОВОКУЙБЫШЕВСКАЯ -> ТУАПСЕ-СОРТИРОВОЧНАЯ (ЭКСП.),Нефтяные грузы,Экспорт,Конт.,879.0,1.0,1.0,1.03,1.08,1.1124,90.68714338437563,88.67385252638515
2031,НОВОКУЙБЫШЕВСКАЯ -> ТУАПСЕ-СОРТИРОВОЧНАЯ (ЭКСП.),Нефтяные грузы,Экспорт,Конт.,879.0,1.0,1.0,1.03,1.08,1.1124,83.55338547067599,81.6984668918728
2032,НОВОКУЙБЫШЕВСКАЯ -> ТУАПСЕ-СОРТИРОВОЧНАЯ (ЭКСП.),Нефтяные грузы,Экспорт,Конт.,879.0,1.0,1.0,1.03,1.08,1.1124,76.0260809696299,74.33827156167175
2033,НОВОКУЙБЫШЕВСКАЯ -> ТУАПСЕ-СОРТИРОВОЧНАЯ (ЭКСП.),Нефтяные грузы,Экспорт,Конт.,879.0,1.0,1.0,1.03,1.08,1.1124,68.07647392360725,66.56514897191362
2034,НОВОКУЙБЫШЕВСКАЯ -> ТУАПСЕ-СОРТИРОВОЧНАЯ (ЭКСП.),Нефтяные грузы,Экспорт,Конт.,879.0,1.0,1.0,1.03,1.08,1.1124,61.53328426293415,60.16722073898331
2035,НОВОКУЙБЫШЕВСКАЯ -> ТУАПСЕ-СОРТИРОВОЧНАЯ (ЭКСП.),Нефтяные грузы,Экспорт,Конт.,879.0,1.0,1.0,1.03,1.08,1.1124,54.418975777525276,53.210852747673904
2036,НОВОКУЙБЫШЕВСКАЯ -> ТУАПСЕ-СОРТИРОВОЧНАЯ (ЭКСП.),Нефтяные грузы,Экспорт,Конт.,879.0,1.0,1.0,1.03,1.08,1.1124,52.83568183690467,51.66270856585265
2026,ХИМЗАВОДСКАЯ -> ВЫШЕСТЕБЛИЕВСКАЯ-ЭКСПОРТ,Остальные грузы,Экспорт,Конт.,879.0,1.0,1.0,1.03,1.08,1.1124,174.39255877272797,170.5209742109499
2027,ХИМЗАВОДСКАЯ -> ВЫШЕСТЕБЛИЕВСКАЯ-ЭКСПОРТ,Остальные грузы,Экспорт,Конт.,879.0,1.0,1.0,1.03,1.08,1.1124,189.2319916286857,185.03096572173223
2028,ХИМЗАВОДСКАЯ -> ВЫШЕСТЕБЛИЕВСКАЯ-ЭКСПОРТ,Остальные грузы,Экспорт,Конт.,879.0,1.0,1.0,1.03,1.08,1.1124,195.67822041744066,191.3340856528853
2029,ХИМЗАВОДСКАЯ -> ВЫШЕСТЕБЛИЕВСКАЯ-ЭКСПОРТ,Остальные грузы,Экспорт,Конт.,879.0,1.0,1.0,1.03,1.08,1.1124,185.75889188015526,181.6349701768591
2030,ХИМЗАВОДСКАЯ -> ВЫШЕСТЕБЛИЕВСКАЯ-ЭКСПОРТ,Остальные грузы,Экспорт,Конт.,879.0,1.0,1.0,1.03,1.08,1.1124,176.27603315483725,172.36263470838662
2031,ХИМЗАВОДСКАЯ -> ВЫШЕСТЕБЛИЕВСКАЯ-ЭКСПОРТ,Остальные грузы,Экспорт,Конт.,879.0,1.0,1.0,1.03,1.08,1.1124,141.58199676506482,138.4388198040817
2032,ХИМЗАВОДСКАЯ -> ВЫШЕСТЕБЛИЕВСКАЯ-ЭКСПОРТ,Остальные грузы,Экспорт,Конт.,879.0,1.0,1.0,1.03,1.08,1.1124,132.975693492782,130.02357990696484
2033,ХИМЗАВОДСКАЯ -> ВЫШЕСТЕБЛИЕВСКАЯ-ЭКСПОРТ,Остальные грузы,Экспорт,Конт.,879.0,1.0,1.0,1.03,1.08,1.1124,123.4942890882016,120.75266647272788
2034,ХИМЗАВОДСКАЯ -> ВЫШЕСТЕБЛИЕВСКАЯ-ЭКСПОРТ,Остальные грузы,Экспорт,Конт.,879.0,1.0,1.0,1.03,1.08,1.1124,115.77523579704533,113.20497925225659
2035,ХИМЗАВОДСКАЯ -> ВЫШЕСТЕБЛИЕВСКАЯ-ЭКСПОРТ,Остальные грузы,Экспорт,Конт.,879.0,1.0,1.0,1.03,1.08,1.1124,116.06096095846945,113.48436120080704
2036,ХИМЗАВОДСКАЯ -> ВЫШЕСТЕБЛИЕВСКАЯ-ЭКСПОРТ,Остальные грузы,Экспорт,Конт.,879.0,1.0,1.0,1.03,1.08,1.1124,116.96279507729997,114.3661742414659
2026,ХИМЗАВОДСКАЯ -> ВЫШЕСТЕБЛИЕВСКАЯ-ЭКСПОРТ,Удобрения,Экспорт,Конт.,879.0,1.0,1.1,1.03,1.08,1.2236400000000003,20.012358027875738,21.524883242185055
2027,ХИМЗАВОДСКАЯ -> ВЫШЕСТЕБЛИЕВСКАЯ-ЭКСПОРТ,Удобрения,Экспорт,Конт.,879.0,1.0,1.1,1.03,1.08,1.2236400000000003,20.072132787095185,21.58917575140542
2028,ХИМЗАВОДСКАЯ -> ВЫШЕСТЕБЛИЕВСКАЯ-ЭКСПОРТ,Удобрения,Экспорт,Конт.,879.0,1.0,1.1,1.03,1.08,1.2236400000000003,19.835526792042067,21.334687179352823
2029,ХИМЗАВОДСКАЯ -> ВЫШЕСТЕБЛИЕВСКАЯ-ЭКСПОРТ,Удобрения,Экспорт,Конт.,879.0,1.0,1.1,1.03,1.08,1.2236400000000003,19.37630675298412,20.840759491799698
2030,ХИМЗАВОДСКАЯ -> ВЫШЕСТЕБЛИЕВСКАЯ-ЭКСПОРТ,Удобрения,Экспорт,Конт.,879.0,1.0,1.1,1.03,1.08,1.2236400000000003,18.520838228800404,19.92063503296432
2031,ХИМЗАВОДСКАЯ -> ВЫШЕСТЕБЛИЕВСКАЯ-ЭКСПОРТ,Удобрения,Экспорт,Конт.,879.0,1.0,1.1,1.03,1.08,1.2236400000000003,17.78352467659293,19.12759564689897
2032,ХИМЗАВОДСКАЯ -> ВЫШЕСТЕБЛИЕВСКАЯ-ЭКСПОРТ,Удобрения,Экспорт,Конт.,879.0,1.0,1.1,1.03,1.08,1.2236400000000003,16.692834393224434,17.954471471817207
2033,ХИМЗАВОДСКАЯ -> ВЫШЕСТЕБЛИЕВСКАЯ-ЭКСПОРТ,Удобрения,Экспорт,Конт.,879.0,1.0,1.1,1.03,1.08,1.2236400000000003,15.42118349043417,16.586709753320456
2034,ХИМЗАВОДСКАЯ -> ВЫШЕСТЕБЛИЕВСКАЯ-ЭКСПОРТ,Удобрения,Экспорт,Конт.,879.0,1.0,1.1,1.03,1.08,1.2236400000000003,14.335407244702328,15.418871016677745
2035,ХИМЗАВОДСКАЯ -> ВЫШЕСТЕБЛИЕВСКАЯ-ЭКСПОРТ,Удобрения,Экспорт,Конт.,879.0,1.0,1.1,1.03,1.08,1.2236400000000003,14.227379109679369,15.302678162742131
2036,ХИМЗАВОДСКАЯ -> ВЫШЕСТЕБЛИЕВСКАЯ-ЭКСПОРТ,Удобрения,Экспорт,Конт.,879.0,1.0,1.1,1.03,1.08,1.2236400000000003,14.18414952247986,15.256181302363101
2026,НОВОТРОИЦК -> НАВАШИНО,Черные металлы,Внутр. перевозки,Конт.,893.0,1.74,1.0,1.0,1.08,1.8792000000000002,46.44303924217492,77.93725309409834
2027,НОВОТРОИЦК -> НАВАШИНО,Черные металлы,Внутр. перевозки,Конт.,893.0,1.74,1.0,1.0,1.08,1.8792000000000002,44.59540780019746,74.83669547195105
2028,НОВОТРОИЦК -> НАВАШИНО,Черные металлы,Внутр. перевозки,Конт.,893.0,1.74,1.0,1.0,1.08,1.8792000000000002,42.39847566480511,71.14996741408649
2029,НОВОТРОИЦК -> НАВАШИНО,Черные металлы,Внутр. перевозки,Конт.,893.0,1.74,1.0,1.0,1.08,1.8792000000000002,39.85742462479976,66.88576461294687
2030,НОВОТРОИЦК -> НАВАШИНО,Черные металлы,Внутр. перевозки,Конт.,893.0,1.74,1.0,1.0,1.08,1.8792000000000002,37.09067685269856,62.24281434784089
2031,НОВОТРОИЦК -> НАВАШИНО,Черные металлы,Внутр. перевозки,Конт.,893.0,1.74,1.0,1.0,1.08,1.8792000000000002,34.12819313106992,57.27139457499259
2032,НОВОТРОИЦК -> НАВАШИНО,Черные металлы,Внутр. перевозки,Конт.,893.0,1.74,1.0,1.0,1.08,1.8792000000000002,30.992339735776923,52.0090387145045
2033,НОВОТРОИЦК -> НАВАШИНО,Черные металлы,Внутр. перевозки,Конт.,893.0,1.74,1.0,1.0,1.08,1.8792000000000002,27.73079783443228,46.535761754385376
2034,НОВОТРОИЦК -> НАВАШИНО,Черные металлы,Внутр. перевозки,Конт.,893.0,1.74,1.0,1.0,1.08,1.8792000000000002,24.98197934298184,41.92289907412901
2035,НОВОТРОИЦК -> НАВАШИНО,Черные металлы,Внутр. перевозки,Конт.,893.0,1.74,1.0,1.0,1.08,1.8792000000000002,24.0555158247636,40.36817692674091
2036,НОВОТРОИЦК -> НАВАШИНО,Черные металлы,Внутр. перевозки,Конт.,893.0,1.74,1.0,1.0,1.08,1.8792000000000002,23.299417014236866,39.09934815666645
2026,РЕЧНАЯ -> НАВАШИНО,Минерально-строит.,Внутр. перевозки,Конт.,893.0,0.75,0.77,1.0,1.08,0.6237,52.72600606288214,29.3664925134077
2027,РЕЧНАЯ -> НАВАШИНО,Минерально-строит.,Внутр. перевозки,Конт.,893.0,0.75,0.77,1.0,1.08,0.6237,49.93656620045003,27.812874650924073
2028,РЕЧНАЯ -> НАВАШИНО,Минерально-строит.,Внутр. перевозки,Конт.,893.0,0.75,0.77,1.0,1.08,0.6237,47.60597796082695,26.51482066957182
2029,РЕЧНАЯ -> НАВАШИНО,Минерально-строит.,Внутр. перевозки,Конт.,893.0,0.75,0.77,1.0,1.08,0.6237,44.909850172060665,25.013174282216617
2030,РЕЧНАЯ -> НАВАШИНО,Минерально-строит.,Внутр. перевозки,Конт.,893.0,0.75,0.77,1.0,1.08,0.6237,41.902119033479174,23.3379760155746
2031,РЕЧНАЯ -> НАВАШИНО,Минерально-строит.,Внутр. перевозки,Конт.,893.0,0.75,0.77,1.0,1.08,0.6237,38.60188626350881,21.499864841057548
2032,РЕЧНАЯ -> НАВАШИНО,Минерально-строит.,Внутр. перевозки,Конт.,893.0,0.75,0.77,1.0,1.08,0.6237,35.09046947385866,19.54413174908516
2033,РЕЧНАЯ -> НАВАШИНО,Минерально-строит.,Внутр. перевозки,Конт.,893.0,0.75,0.77,1.0,1.08,0.6237,31.4363131017695,17.50889783404526
2034,РЕЧНАЯ -> НАВАШИНО,Минерально-строит.,Внутр. перевозки,Конт.,893.0,0.75,0.77,1.0,1.08,0.6237,28.46810643415755,15.855713278804771
2035,РЕЧНАЯ -> НАВАШИНО,Минерально-строит.,Внутр. перевозки,Конт.,893.0,0.75,0.77,1.0,1.08,0.6237,27.489568146106084,15.310702581884645
2036,РЕЧНАЯ -> НАВАШИНО,Минерально-строит.,Внутр. перевозки,Конт.,893.0,0.75,0.77,1.0,1.08,0.6237,26.642596425315137,14.838969739688864
2026,ПИРИТ -> КОШТА,Удобрения,Внутр. перевозки,Конт.,893.0,1.0,1.1,1.0,1.08,1.1880000000000002,10.262747706602942,10.88758483797176
2027,ПИРИТ -> КОШТА,Удобрения,Внутр. перевозки,Конт.,893.0,1.0,1.1,1.0,1.08,1.1880000000000002,10.29340142927958,10.92010488189984
2028,ПИРИТ -> КОШТА,Удобрения,Внутр. перевозки,Конт.,893.0,1.0,1.1,1.0,1.08,1.1880000000000002,10.172065021560034,10.791381028332697
2029,ПИРИТ -> КОШТА,Удобрения,Внутр. перевозки,Конт.,893.0,1.0,1.1,1.0,1.08,1.1880000000000002,9.93656756563288,10.541545545298874
2030,ПИРИТ -> КОШТА,Удобрения,Внутр. перевозки,Конт.,893.0,1.0,1.1,1.0,1.08,1.1880000000000002,9.97275904627714,10.57994050805068
2031,ПИРИТ -> КОШТА,Удобрения,Внутр. перевозки,Конт.,893.0,1.0,1.1,1.0,1.08,1.1880000000000002,9.119756244406629,9.675003483591084
2032,ПИРИТ -> КОШТА,Удобрения,Внутр. перевозки,Конт.,893.0,1.0,1.1,1.0,1.08,1.1880000000000002,8.560427893961247,9.081620985857185
2033,ПИРИТ -> КОШТА,Удобрения,Внутр. перевозки,Конт.,893.0,1.0,1.1,1.0,1.08,1.1880000000000002,7.908299225863676,8.389788115931161
2034,ПИРИТ -> КОШТА,Удобрения,Внутр. перевозки,Конт.,893.0,1.0,1.1,1.0,1.08,1.1880000000000002,7.3514908947191415,7.799079066353223
2035,ПИРИТ -> КОШТА,Удобрения,Внутр. перевозки,Конт.,893.0,1.0,1.1,1.0,1.08,1.1880000000000002,7.296091851117623,7.740307107381069
2036,ПИРИТ -> КОШТА,Удобрения,Внутр. перевозки,Конт.,893.0,1.0,1.1,1.0,1.08,1.1880000000000002,7.273922832040952,7.716788349746935
2026,ФЛЮСОВАЯ -> ЧЕРЕПОВЕЦ II,Остальные грузы,Внутр. перевозки,Конт.,893.0,1.0,1.0,1.0,1.08,1.08,112.51132824046965,108.51042540823856
2027,ФЛЮСОВАЯ -> ЧЕРЕПОВЕЦ II,Остальные грузы,Внутр. перевозки,Конт.,893.0,1.0,1.0,1.0,1.08,1.08,81.39010392631644,78.49587183069664
2028,ФЛЮСОВАЯ -> ЧЕРЕПОВЕЦ II,Остальные грузы,Внутр. перевозки,Конт.,893.0,1.0,1.0,1.0,1.08,1.08,60.675417183702535,58.51779934865008
2029,ФЛЮСОВАЯ -> ЧЕРЕПОВЕЦ II,Остальные грузы,Внутр. перевозки,Конт.,893.0,1.0,1.0,1.0,1.08,1.08,57.59965639694737,55.55141261547192
2030,ФЛЮСОВАЯ -> ЧЕРЕПОВЕЦ II,Остальные грузы,Внутр. перевозки,Конт.,893.0,1.0,1.0,1.0,1.08,1.08,54.65923508677125,52.71555268708566
2031,ФЛЮСОВАЯ -> ЧЕРЕПОВЕЦ II,Остальные грузы,Внутр. перевозки,Конт.,893.0,1.0,1.0,1.0,1.08,1.08,43.901394345756536,42.34026076282143
2032,ФЛЮСОВАЯ -> ЧЕРЕПОВЕЦ II,Остальные грузы,Внутр. перевозки,Конт.,893.0,1.0,1.0,1.0,1.08,1.08,41.23277317605643,39.76653576191587
2033,ФЛЮСОВАЯ -> ЧЕРЕПОВЕЦ II,Остальные грузы,Внутр. перевозки,Конт.,893.0,1.0,1.0,1.0,1.08,1.08,38.29280281804701,36.93111074983726
2034,ФЛЮСОВАЯ -> ЧЕРЕПОВЕЦ II,Остальные грузы,Внутр. перевозки,Конт.,893.0,1.0,1.0,1.0,1.08,1.08,35.89929792156445,34.62271888747362
2035,ФЛЮСОВАЯ -> ЧЕРЕПОВЕЦ II,Остальные грузы,Внутр. перевозки,Конт.,893.0,1.0,1.0,1.0,1.08,1.08,35.98789487084324,34.70816532923606
2036,ФЛЮСОВАЯ -> ЧЕРЕПОВЕЦ II,Остальные грузы,Внутр. перевозки,Конт.,893.0,1.0,1.0,1.0,1.08,1.08,36.26753335730232,34.97785987111665
2026,КАРТАЛЫ I (ЭКСП.) -> ВЫШЕСТЕБЛИЕВСКАЯ-ЭКСПОРТ,Уголь каменный,Транзит,Конт.,907.0,0.75,0.895,1.06,1.08,0.7684470000000001,18.890329680056777,13.166208974687086
2027,КАРТАЛЫ I (ЭКСП.) -> ВЫШЕСТЕБЛИЕВСКАЯ-ЭКСПОРТ,Уголь каменный,Транзит,Конт.,907.0,0.75,0.895,1.06,1.08,0.7684470000000001,18.209986751013172,12.692022587792229
2028,КАРТАЛЫ I (ЭКСП.) -> ВЫШЕСТЕБЛИЕВСКАЯ-ЭКСПОРТ,Уголь каменный,Транзит,Конт.,907.0,0.75,0.895,1.06,1.08,0.7684470000000001,17.382055921014494,12.114970174786595
2029,КАРТАЛЫ I (ЭКСП.) -> ВЫШЕСТЕБЛИЕВСКАЯ-ЭКСПОРТ,Уголь каменный,Транзит,Конт.,907.0,0.75,0.895,1.06,1.08,0.7684470000000001,16.41123535592162,11.438326270025575
2030,КАРТАЛЫ I (ЭКСП.) -> ВЫШЕСТЕБЛИЕВСКАЯ-ЭКСПОРТ,Уголь каменный,Транзит,Конт.,907.0,0.75,0.895,1.06,1.08,0.7684470000000001,15.32555313865124,10.681625926792575
2031,КАРТАЛЫ I (ЭКСП.) -> ВЫШЕСТЕБЛИЕВСКАЯ-ЭКСПОРТ,Уголь каменный,Транзит,Конт.,907.0,0.75,0.895,1.06,1.08,0.7684470000000001,16.126756274644876,11.240049633436703
2032,КАРТАЛЫ I (ЭКСП.) -> ВЫШЕСТЕБЛИЕВСКАЯ-ЭКСПОРТ,Уголь каменный,Транзит,Конт.,907.0,0.75,0.895,1.06,1.08,0.7684470000000001,12.307026285619203,8.577768767291435
2033,КАРТАЛЫ I (ЭКСП.) -> ВЫШЕСТЕБЛИЕВСКАЯ-ЭКСПОРТ,Уголь каменный,Транзит,Конт.,907.0,0.75,0.895,1.06,1.08,0.7684470000000001,11.049226781532205,7.701105871537388
2034,КАРТАЛЫ I (ЭКСП.) -> ВЫШЕСТЕБЛИЕВСКАЯ-ЭКСПОРТ,Уголь каменный,Транзит,Конт.,907.0,0.75,0.895,1.06,1.08,0.7684470000000001,9.989332347986215,6.962379134655358
2035,КАРТАЛЫ I (ЭКСП.) -> ВЫШЕСТЕБЛИЕВСКАЯ-ЭКСПОРТ,Уголь каменный,Транзит,Конт.,907.0,0.75,0.895,1.06,1.08,0.7684470000000001,9.648282187031187,6.724673506112244
2036,КАРТАЛЫ I (ЭКСП.) -> ВЫШЕСТЕБЛИЕВСКАЯ-ЭКСПОРТ,Уголь каменный,Транзит,Конт.,907.0,0.75,0.895,1.06,1.08,0.7684470000000001,9.276519831798483,6.465562048513747
2026,ЕРУНАКОВО -> ЛУЖСКАЯ (ЭКСП.),Уголь каменный,Экспорт,Конт.,879.0,0.75,1.05,1.03,1.08,0.8760150000000002,6.611615388019872,5.0910574693857455
2027,ЕРУНАКОВО -> ЛУЖСКАЯ (ЭКСП.),Уголь каменный,Экспорт,Конт.,879.0,0.75,1.05,1.03,1.08,0.8760150000000002,6.373495362854609,4.9077009579158615
2028,ЕРУНАКОВО -> ЛУЖСКАЯ (ЭКСП.),Уголь каменный,Экспорт,Конт.,879.0,0.75,1.05,1.03,1.08,0.8760150000000002,6.083719572355073,4.684568619434259
2029,ЕРУНАКОВО -> ЛУЖСКАЯ (ЭКСП.),Уголь каменный,Экспорт,Конт.,879.0,0.75,1.05,1.03,1.08,0.8760150000000002,5.743932374572566,4.422926637898734
2030,ЕРУНАКОВО -> ЛУЖСКАЯ (ЭКСП.),Уголь каменный,Экспорт,Конт.,879.0,0.75,1.05,1.03,1.08,0.8760150000000002,5.363943598527933,4.13032875023725
2031,ЕРУНАКОВО -> ЛУЖСКАЯ (ЭКСП.),Уголь каменный,Экспорт,Конт.,879.0,0.75,1.05,1.03,1.08,0.8760150000000002,4.515491756900565,3.477006251539278
2032,ЕРУНАКОВО -> ЛУЖСКАЯ (ЭКСП.),Уголь каменный,Экспорт,Конт.,879.0,0.75,1.05,1.03,1.08,0.8760150000000002,3.4459673599733764,2.6534540861285816
2033,ЕРУНАКОВО -> ЛУЖСКАЯ (ЭКСП.),Уголь каменный,Экспорт,Конт.,879.0,0.75,1.05,1.03,1.08,0.8760150000000002,3.093783498829017,2.382266460767771
2034,ЕРУНАКОВО -> ЛУЖСКАЯ (ЭКСП.),Уголь каменный,Экспорт,Конт.,879.0,0.75,1.05,1.03,1.08,0.8760150000000002,2.79701305743614,2.1537481208952203
2035,ЕРУНАКОВО -> ЛУЖСКАЯ (ЭКСП.),Уголь каменный,Экспорт,Конт.,879.0,0.75,1.05,1.03,1.08,0.8760150000000002,2.701519012368732,2.080216065128152
2036,ЕРУНАКОВО -> ЛУЖСКАЯ (ЭКСП.),Уголь каменный,Экспорт,Конт.,879.0,0.75,1.05,1.03,1.08,0.8760150000000002,3.8961383293553626,3.00009346874082
2026,ЕРУНАКОВО -> МУРМАНСК (ЭКСП.),Уголь каменный,Экспорт,Конт.,879.0,0.75,1.05,1.03,1.08,0.8760150000000002,92.56261543227819,71.27480457140042
2027,ЕРУНАКОВО -> МУРМАНСК (ЭКСП.),Уголь каменный,Экспорт,Конт.,879.0,0.75,1.05,1.03,1.08,0.8760150000000002,89.22893507996453,68.70781341082206
2028,ЕРУНАКОВО -> МУРМАНСК (ЭКСП.),Уголь каменный,Экспорт,Конт.,879.0,0.75,1.05,1.03,1.08,0.8760150000000002,85.17207401297101,65.5839606720796
2029,ЕРУНАКОВО -> МУРМАНСК (ЭКСП.),Уголь каменный,Экспорт,Конт.,879.0,0.75,1.05,1.03,1.08,0.8760150000000002,80.41505324401592,61.92097293058227
2030,ЕРУНАКОВО -> МУРМАНСК (ЭКСП.),Уголь каменный,Экспорт,Конт.,879.0,0.75,1.05,1.03,1.08,0.8760150000000002,75.09521037939106,57.8246025033215
2031,ЕРУНАКОВО -> МУРМАНСК (ЭКСП.),Уголь каменный,Экспорт,Конт.,879.0,0.75,1.05,1.03,1.08,0.8760150000000002,63.216884596607905,48.67808752154989
2032,ЕРУНАКОВО -> МУРМАНСК (ЭКСП.),Уголь каменный,Экспорт,Конт.,879.0,0.75,1.05,1.03,1.08,0.8760150000000002,48.24354303962727,37.148357205800146
2033,ЕРУНАКОВО -> МУРМАНСК (ЭКСП.),Уголь каменный,Экспорт,Конт.,879.0,0.75,1.05,1.03,1.08,0.8760150000000002,43.31296898360624,33.3517304507488
2034,ЕРУНАКОВО -> МУРМАНСК (ЭКСП.),Уголь каменный,Экспорт,Конт.,879.0,0.75,1.05,1.03,1.08,0.8760150000000002,39.158182804105955,30.152473692533082
2035,ЕРУНАКОВО -> МУРМАНСК (ЭКСП.),Уголь каменный,Экспорт,Конт.,879.0,0.75,1.05,1.03,1.08,0.8760150000000002,37.82126617316225,29.12302491179413
2036,ЕРУНАКОВО -> МУРМАНСК (ЭКСП.),Уголь каменный,Экспорт,Конт.,879.0,0.75,1.05,1.03,1.08,0.8760150000000002,36.36395774065005,28.00087237491432
2026,КАЛТАН -> МУРМАНСК (ЭКСП.),Уголь каменный,Экспорт,Конт.,879.0,0.75,1.05,1.03,1.08,0.8760150000000002,0.0,0.0
2027,КАЛТАН -> МУРМАНСК (ЭКСП.),Уголь каменный,Экспорт,Конт.,879.0,0.75,1.05,1.03,1.08,0.8760150000000002,0.0,0.0
2028,КАЛТАН -> МУРМАНСК (ЭКСП.),Уголь каменный,Экспорт,Конт.,879.0,0.75,1.05,1.03,1.08,0.8760150000000002,0.0,0.0
2029,КАЛТАН -> МУРМАНСК (ЭКСП.),Уголь каменный,Экспорт,Конт.,879.0,0.75,1.05,1.03,1.08,0.8760150000000002,0.0,0.0
2030,КАЛТАН -> МУРМАНСК (ЭКСП.),Уголь каменный,Экспорт,Конт.,879.0,0.75,1.05,1.03,1.08,0.8760150000000002,0.0,0.0
2031,КАЛТАН -> МУРМАНСК (ЭКСП.),Уголь каменный,Экспорт,Конт.,879.0,0.75,1.05,1.03,1.08,0.8760150000000002,13.546475270701695,10.431018754617835
2032,КАЛТАН -> МУРМАНСК (ЭКСП.),Уголь каменный,Экспорт,Конт.,879.0,0.75,1.05,1.03,1.08,0.8760150000000002,10.33790207992013,7.960362258385746
2033,КАЛТАН -> МУРМАНСК (ЭКСП.),Уголь каменный,Экспорт,Конт.,879.0,0.75,1.05,1.03,1.08,0.8760150000000002,9.281350496487052,7.146799382303314
2034,КАЛТАН -> МУРМАНСК (ЭКСП.),Уголь каменный,Экспорт,Конт.,879.0,0.75,1.05,1.03,1.08,0.8760150000000002,8.391039172308421,6.461244362685662
2035,КАЛТАН -> МУРМАНСК (ЭКСП.),Уголь каменный,Экспорт,Конт.,879.0,0.75,1.05,1.03,1.08,0.8760150000000002,8.104557037106197,6.2406481953844555
2036,КАЛТАН -> МУРМАНСК (ЭКСП.),Уголь каменный,Экспорт,Конт.,879.0,0.75,1.05,1.03,1.08,0.8760150000000002,7.792276658710725,6.00018693748164
2026,ТЕРЕНТЬЕВСКАЯ -> ВАНИНО (ЭКСП.),Уголь каменный,Экспорт,Конт.,879.0,0.75,1.05,1.03,1.08,0.8760150000000002,99.17423082029806,76.36586204078617
2027,ТЕРЕНТЬЕВСКАЯ -> ВАНИНО (ЭКСП.),Уголь каменный,Экспорт,Конт.,879.0,0.75,1.05,1.03,1.08,0.8760150000000002,95.60243044281913,73.6155143687379
2028,ТЕРЕНТЬЕВСКАЯ -> ВАНИНО (ЭКСП.),Уголь каменный,Экспорт,Конт.,879.0,0.75,1.05,1.03,1.08,0.8760150000000002,91.25579358532609,70.26852929151387
2029,ТЕРЕНТЬЕВСКАЯ -> ВАНИНО (ЭКСП.),Уголь каменный,Экспорт,Конт.,879.0,0.75,1.05,1.03,1.08,0.8760150000000002,86.15898561858849,66.343899568481
2030,ТЕРЕНТЬЕВСКАЯ -> ВАНИНО (ЭКСП.),Уголь каменный,Экспорт,Конт.,879.0,0.75,1.05,1.03,1.08,0.8760150000000002,80.45915397791899,61.95493125355874
2031,ТЕРЕНТЬЕВСКАЯ -> ВАНИНО (ЭКСП.),Уголь каменный,Экспорт,Конт.,879.0,0.75,1.05,1.03,1.08,0.8760150000000002,67.73237635350847,52.15509377308918
2032,ТЕРЕНТЬЕВСКАЯ -> ВАНИНО (ЭКСП.),Уголь каменный,Экспорт,Конт.,879.0,0.75,1.05,1.03,1.08,0.8760150000000002,79.9255601891809,61.544054866421156
2033,ТЕРЕНТЬЕВСКАЯ -> ВАНИНО (ЭКСП.),Уголь каменный,Экспорт,Конт.,879.0,0.75,1.05,1.03,1.08,0.8760150000000002,71.75702884483029,55.25414535506003
2034,ТЕРЕНТЬЕВСКАЯ -> ВАНИНО (ЭКСП.),Уголь каменный,Экспорт,Конт.,879.0,0.75,1.05,1.03,1.08,0.8760150000000002,64.87375303339039,49.95390469115649
2035,ТЕРЕНТЬЕВСКАЯ -> ВАНИНО (ЭКСП.),Уголь каменный,Экспорт,Конт.,879.0,0.75,1.05,1.03,1.08,0.8760150000000002,62.658869881739626,48.248406601618434
2036,ТЕРЕНТЬЕВСКАЯ -> ВАНИНО (ЭКСП.),Уголь каменный,Экспорт,Конт.,879.0,0.75,1.05,1.03,1.08,0.8760150000000002,60.24453242851234,46.3893252722443
2026,ТЫРГАН -> НАХОДКА-ВОСТОЧНАЯ (ЭКСП.),Уголь каменный,Экспорт,Конт.,879.0,0.75,1.05,1.03,1.08,0.8760150000000002,37.19516303684503,28.64091473724747
2027,ТЫРГАН -> НАХОДКА-ВОСТОЧНАЯ (ЭКСП.),Уголь каменный,Экспорт,Конт.,879.0,0.75,1.05,1.03,1.08,0.8760150000000002,35.855564067672056,27.60940050997599
2028,ТЫРГАН -> НАХОДКА-ВОСТОЧНАЯ (ЭКСП.),Уголь каменный,Экспорт,Конт.,879.0,0.75,1.05,1.03,1.08,0.8760150000000002,34.2253637097851,26.354118219409887
2029,ТЫРГАН -> НАХОДКА-ВОСТОЧНАЯ (ЭКСП.),Уголь каменный,Экспорт,Конт.,879.0,0.75,1.05,1.03,1.08,0.8760150000000002,32.31381267760412,24.882191074626043
2030,ТЫРГАН -> НАХОДКА-ВОСТОЧНАЯ (ЭКСП.),Уголь каменный,Экспорт,Конт.,879.0,0.75,1.05,1.03,1.08,0.8760150000000002,30.17609842054655,23.236114360072207
2031,ТЫРГАН -> НАХОДКА-ВОСТОЧНАЯ (ЭКСП.),Уголь каменный,Экспорт,Конт.,879.0,0.75,1.05,1.03,1.08,0.8760150000000002,25.402937441548215,19.56069837947206
2032,ТЫРГАН -> НАХОДКА-ВОСТОЧНАЯ (ЭКСП.),Уголь каменный,Экспорт,Конт.,879.0,0.75,1.05,1.03,1.08,0.8760150000000002,19.386081956023023,14.927616255956146
2033,ТЫРГАН -> НАХОДКА-ВОСТОЧНАЯ (ЭКСП.),Уголь каменный,Экспорт,Конт.,879.0,0.75,1.05,1.03,1.08,0.8760150000000002,17.404790642867365,13.401987896335074
2034,ТЫРГАН -> НАХОДКА-ВОСТОЧНАЯ (ЭКСП.),Уголь каменный,Экспорт,Конт.,879.0,0.75,1.05,1.03,1.08,0.8760150000000002,15.735240267610216,12.116405416163868
2035,ТЫРГАН -> НАХОДКА-ВОСТОЧНАЯ (ЭКСП.),Уголь каменный,Экспорт,Конт.,879.0,0.75,1.05,1.03,1.08,0.8760150000000002,15.198016553453147,11.702733924073398
2036,ТЫРГАН -> НАХОДКА-ВОСТОЧНАЯ (ЭКСП.),Уголь каменный,Экспорт,Конт.,879.0,0.75,1.05,1.03,1.08,0.8760150000000002,14.612414855736228,11.251810553266195
2026,АБАКАН -> ЗАБАЙКАЛЬСК-Э (КИТАЙ),Руды всякие,Экспорт,Конт.,879.0,0.75,0.95,1.03,1.08,0.792585,0.0,0.0
2027,АБАКАН -> ЗАБАЙКАЛЬСК-Э (КИТАЙ),Руды всякие,Экспорт,Конт.,879.0,0.75,0.95,1.03,1.08,0.792585,0.0,0.0
2028,АБАКАН -> ЗАБАЙКАЛЬСК-Э (КИТАЙ),Руды всякие,Экспорт,Конт.,879.0,0.75,0.95,1.03,1.08,0.792585,0.0,0.0
2029,АБАКАН -> ЗАБАЙКАЛЬСК-Э (КИТАЙ),Руды всякие,Экспорт,Конт.,879.0,0.75,0.95,1.03,1.08,0.792585,0.0,0.0
2030,АБАКАН -> ЗАБАЙКАЛЬСК-Э (КИТАЙ),Руды всякие,Экспорт,Конт.,879.0,0.75,0.95,1.03,1.08,0.792585,0.0,0.0
2031,АБАКАН -> ЗАБАЙКАЛЬСК-Э (КИТАЙ),Руды всякие,Экспорт,Конт.,879.0,0.75,0.95,1.03,1.08,0.792585,0.0,0.0
2032,АБАКАН -> ЗАБАЙКАЛЬСК-Э (КИТАЙ),Руды всякие,Экспорт,Конт.,879.0,0.75,0.95,1.03,1.08,0.792585,72.34289662114547,50.40000945753564
2033,АБАКАН -> ЗАБАЙКАЛЬСК-Э (КИТАЙ),Руды всякие,Экспорт,Конт.,879.0,0.75,0.95,1.03,1.08,0.792585,64.97935624981207,45.26996184139317
2034,АБАКАН -> ЗАБАЙКАЛЬСК-Э (КИТАЙ),Руды всякие,Экспорт,Конт.,879.0,0.75,0.95,1.03,1.08,0.792585,58.78187943380469,40.952289965805996
2035,АБАКАН -> ЗАБАЙКАЛЬСК-Э (КИТАЙ),Руды всякие,Экспорт,Конт.,879.0,0.75,0.95,1.03,1.08,0.792585,56.80981012100706,39.578384348832614
2036,АБАКАН -> ЗАБАЙКАЛЬСК-Э (КИТАЙ),Руды всякие,Экспорт,Конт.,879.0,0.75,0.95,1.03,1.08,0.792585,55.18733982269902,38.448038147635664
2026,БАЗАИХА -> ЗАБАЙКАЛЬСК-Э (КИТАЙ),Лесные грузы,Экспорт,Конт.,879.0,1.0,1.082,1.03,1.08,1.2036168,19.98875995434609,21.147691609859788
2027,БАЗАИХА -> ЗАБАЙКАЛЬСК-Э (КИТАЙ),Лесные грузы,Экспорт,Конт.,879.0,1.0,1.082,1.03,1.08,1.2036168,19.1914108232471,20.304112840172035
2028,БАЗАИХА -> ЗАБАЙКАЛЬСК-Э (КИТАЙ),Лесные грузы,Экспорт,Конт.,879.0,1.0,1.082,1.03,1.08,1.2036168,18.229528650272982,19.28646153986435
2029,БАЗАИХА -> ЗАБАЙКАЛЬСК-Э (КИТАЙ),Лесные грузы,Экспорт,Конт.,879.0,1.0,1.082,1.03,1.08,1.2036168,17.121552828109646,18.11424620225425
2030,БАЗАИХА -> ЗАБАЙКАЛЬСК-Э (КИТАЙ),Лесные грузы,Экспорт,Конт.,879.0,1.0,1.082,1.03,1.08,1.2036168,15.89928649436173,16.82111388437903
2031,БАЗАИХА -> ЗАБАЙКАЛЬСК-Э (КИТАЙ),Лесные грузы,Экспорт,Конт.,879.0,1.0,1.082,1.03,1.08,1.2036168,14.665300154196366,15.515582043874703
2032,БАЗАИХА -> ЗАБАЙКАЛЬСК-Э (КИТАЙ),Лесные грузы,Экспорт,Конт.,879.0,1.0,1.082,1.03,1.08,1.2036168,13.331195102471522,14.104126692293539
2033,БАЗАИХА -> ЗАБАЙКАЛЬСК-Э (КИТАЙ),Лесные грузы,Экспорт,Конт.,879.0,1.0,1.082,1.03,1.08,1.2036168,11.908984021111607,12.599456996853766
2034,БАЗАИХА -> ЗАБАЙКАЛЬСК-Э (КИТАЙ),Лесные грузы,Экспорт,Конт.,879.0,1.0,1.082,1.03,1.08,1.2036168,10.71008404546358,11.331045799061565
2035,БАЗАИХА -> ЗАБАЙКАЛЬСК-Э (КИТАЙ),Лесные грузы,Экспорт,Конт.,879.0,1.0,1.082,1.03,1.08,1.2036168,10.323597872155306,10.922151479290562
2036,БАЗАИХА -> ЗАБАЙКАЛЬСК-Э (КИТАЙ),Лесные грузы,Экспорт,Конт.,879.0,1.0,1.082,1.03,1.08,1.2036168,9.998248311944186,10.577938422529517
2026,ЗАРИНСКАЯ -> НЯЗЕПЕТРОВСКАЯ,Кокс каменноугольный,Внутр. перевозки,Конт.,893.0,0.75,1.084,1.0,1.08,0.8780400000000002,8.604123838036662,6.746405051011492
2027,ЗАРИНСКАЯ -> НЯЗЕПЕТРОВСКАЯ,Кокс каменноугольный,Внутр. перевозки,Конт.,893.0,0.75,1.084,1.0,1.08,0.8780400000000002,8.198002893912195,6.427969793646803
2028,ЗАРИНСКАЯ -> НЯЗЕПЕТРОВСКАЯ,Кокс каменноугольный,Внутр. перевозки,Конт.,893.0,0.75,1.084,1.0,1.08,0.8780400000000002,7.87758858917257,6.176736231159516
2029,ЗАРИНСКАЯ -> НЯЗЕПЕТРОВСКАЯ,Кокс каменноугольный,Внутр. перевозки,Конт.,893.0,0.75,1.084,1.0,1.08,0.8780400000000002,7.44919437300893,5.8408367301581485
2030,ЗАРИНСКАЯ -> НЯЗЕПЕТРОВСКАЯ,Кокс каменноугольный,Внутр. перевозки,Конт.,893.0,0.75,1.084,1.0,1.08,0.8780400000000002,6.975830649479775,5.469677100718016
2031,ЗАРИНСКАЯ -> НЯЗЕПЕТРОВСКАЯ,Кокс каменноугольный,Внутр. перевозки,Конт.,893.0,0.75,1.084,1.0,1.08,0.8780400000000002,6.574912983322599,5.155321680117782
2032,ЗАРИНСКАЯ -> НЯЗЕПЕТРОВСКАЯ,Кокс каменноугольный,Внутр. перевозки,Конт.,893.0,0.75,1.084,1.0,1.08,0.8780400000000002,5.970572773656198,4.681464734335713
2033,ЗАРИНСКАЯ -> НЯЗЕПЕТРОВСКАЯ,Кокс каменноугольный,Внутр. перевозки,Конт.,893.0,0.75,1.084,1.0,1.08,0.8780400000000002,5.434829709699608,4.261394105326048
2034,ЗАРИНСКАЯ -> НЯЗЕПЕТРОВСКАЯ,Кокс каменноугольный,Внутр. перевозки,Конт.,893.0,0.75,1.084,1.0,1.08,0.8780400000000002,4.91819645455419,3.8563072809563876
2035,ЗАРИНСКАЯ -> НЯЗЕПЕТРОВСКАЯ,Кокс каменноугольный,Внутр. перевозки,Конт.,893.0,0.75,1.084,1.0,1.08,0.8780400000000002,4.759157860988056,3.7316067546579244
2036,ЗАРИНСКАЯ -> НЯЗЕПЕТРОВСКАЯ,Кокс каменноугольный,Внутр. перевозки,Конт.,893.0,0.75,1.084,1.0,1.08,0.8780400000000002,4.68327766958261,3.6721098766252815
2026,nan -> nan,nan,Внутр. перевозки,Не конт.,893.0,1.0,1.0,1.0,1.0,1.0,13.772602200000001,12.298933764600003
2027,nan -> nan,nan,Внутр. перевозки,Не конт.,893.0,1.0,1.0,1.0,1.0,1.0,14.565602199999999,13.0070827646
2028,nan -> nan,nan,Внутр. перевозки,Не конт.,893.0,1.0,1.0,1.0,1.0,1.0,14.9256022,13.3285627646
2029,nan -> nan,nan,Внутр. перевозки,Не конт.,893.0,1.0,1.0,1.0,1.0,1.0,15.0256022,13.4178627646
2030,nan -> nan,nan,Внутр. перевозки,Не конт.,893.0,1.0,1.0,1.0,1.0,1.0,15.055602200000001,13.4446527646
2031,nan -> nan,nan,Внутр. перевозки,Не конт.,893.0,1.0,1.0,1.0,1.0,1.0,15.8456022,14.1501227646
2032,nan -> nan,nan,Внутр. перевозки,Не конт.,893.0,1.0,1.0,1.0,1.0,1.0,17.2553868,15.4090604124
2033,nan -> nan,nan,Внутр. перевозки,Не конт.,893.0,1.0,1.0,1.0,1.0,1.0,17.2553868,15.4090604124
2034,nan -> nan,nan,Внутр. перевозки,Не конт.,893.0,1.0,1.0,1.0,1.0,1.0,17.5116888,15.637938098400001
2035,nan -> nan,nan,Внутр. перевозки,Не конт.,893.0,1.0,1.0,1.0,1.0,1.0,17.711688799999997,15.816538098399999
2036,nan -> nan,nan,Внутр. перевозки,Не конт.,893.0,1.0,1.0,1.0,1.0,1.0,17.781688799999998,15.879048098399998
